dates,signals,safef,comment
2016-05-11 05:35:31.472000-04:00,-1,1,
2016-05-11 06:43:15.514000-04:00,-1,1,
2016-05-11 07:04:17.577000-04:00,-1,1,
2016-05-11 08:35:30.197000-04:00,1,1,
2016-05-11 10:04:05.426000-04:00,1,1,
2016-05-11 11:18:31.519000-04:00,1,1,
2016-05-11 15:10:30.104000-04:00,1,1,
2016-05-11 17:36:22.031000-04:00,-1,1,
2016-05-11 19:31:43.499000-04:00,-1,1,
2016-05-11 20:14:40.286000-04:00,1,1,
2016-05-12 00:13:02.680000-04:00,1,1,
2016-05-12 00:14:59.468000-04:00,1,1,
2016-05-12 00:27:19.550000-04:00,-1,1,
2016-05-12 02:17:01.318000-04:00,1,1,
2016-05-12 03:35:10.454000-04:00,1,1,
2016-05-12 05:16:04.216000-04:00,1,1,
2016-05-12 11:04:08.361000-04:00,1,1,
2016-05-12 11:16:01.610000-04:00,-1,1,
2016-05-12 12:32:46.843000-04:00,1,1,
2016-05-12 16:07:48.877000-04:00,1,1,
2016-05-12 17:33:23.547000-04:00,-1,1,
2016-05-12 19:53:48.667000-04:00,-1,1,
2016-05-12 20:21:39.478000-04:00,-1,1,
2016-05-13 00:44:21.530000-04:00,-1,1,
2016-05-13 00:45:48.983000-04:00,-1,1,
2016-05-13 03:41:05.139000-04:00,-1,1,
2016-05-13 04:47:45.672000-04:00,-1,1,
2016-05-13 05:16:28.956000-04:00,-1,1,
2016-05-13 06:31:03.916000-04:00,1,1,
2016-05-13 09:19:06.894000-04:00,1,1,
2016-05-13 10:49:06.030000-04:00,1,1,
2016-05-13 13:28:51.783000-04:00,-1,1,
2016-05-13 13:44:03.256000-04:00,-1,1,
2016-05-13 15:18:20.972000-04:00,1,1,
2016-05-13 15:20:41.666000-04:00,-1,1,
2016-05-13 16:45:13.093000-04:00,-1,1,
2016-05-13 16:56:34.071000-04:00,1,1,
2016-05-13 17:32:16.450000-04:00,-1,1,
2016-05-13 20:24:12.694000-04:00,1,1,
2016-05-14 01:10:16.650000-04:00,-1,1,
2016-05-14 02:54:18.374000-04:00,-1,1,
2016-05-14 07:13:31.162000-04:00,-1,1,
2016-05-14 09:11:52.501000-04:00,-1,1,
2016-05-14 09:57:07.974000-04:00,1,1,
2016-05-14 11:20:00.143000-04:00,-1,1,
2016-05-14 13:55:31.683000-04:00,-1,1,
2016-05-14 14:11:58.355000-04:00,-1,1,
2016-05-14 16:30:15.156000-04:00,-1,1,
2016-05-14 17:09:34.947000-04:00,-1,1,
2016-05-14 18:30:21.404000-04:00,1,1,
2016-05-14 20:03:55.204000-04:00,-1,1,
2016-05-15 05:23:26.581000-04:00,-1,1,
2016-05-15 06:24:33.020000-04:00,-1,1,
2016-05-15 08:22:41.870000-04:00,-1,1,
2016-05-15 08:46:09.448000-04:00,-1,1,
2016-05-15 14:08:42.697000-04:00,-1,1,
2016-05-15 16:32:06.775000-04:00,-1,1,
2016-05-15 17:06:07.271000-04:00,-1,1,
2016-05-15 19:39:11.063000-04:00,1,1,
2016-05-15 20:12:13.720000-04:00,-1,1,
2016-05-15 20:15:15.850000-04:00,-1,1,
2016-05-15 21:38:49.721000-04:00,-1,1,
2016-05-16 00:05:20.549000-04:00,1,1,
2016-05-16 00:19:46.011000-04:00,1,1,
2016-05-16 00:39:26.070000-04:00,1,1,
2016-05-16 03:14:56.498000-04:00,1,1,
2016-05-16 06:17:20.606000-04:00,1,1,
2016-05-16 08:25:07.637000-04:00,1,1,
2016-05-16 08:58:02.891000-04:00,-1,1,
2016-05-16 09:46:38.462000-04:00,-1,1,
2016-05-16 09:59:49.594000-04:00,-1,1,
2016-05-16 10:17:52.768000-04:00,-1,1,
2016-05-16 11:06:00.024000-04:00,-1,1,
2016-05-16 13:03:46.356000-04:00,1,1,
2016-05-16 14:02:35.360000-04:00,1,1,
2016-05-16 15:28:58.867000-04:00,1,1,
2016-05-16 15:37:47.278000-04:00,1,1,
2016-05-16 17:30:30.754000-04:00,1,1,
2016-05-16 18:33:25.730000-04:00,1,1,
2016-05-16 19:22:47.837000-04:00,1,1,
2016-05-16 22:20:25.929000-04:00,1,1,
2016-05-17 00:54:42.382000-04:00,1,1,
2016-05-17 03:55:16.212000-04:00,1,1,
2016-05-17 05:51:26.006000-04:00,-1,1,
2016-05-17 07:03:12.886000-04:00,-1,1,
2016-05-17 09:09:01.120000-04:00,1,1,
2016-05-17 09:24:44.267000-04:00,1,1,
2016-05-17 09:25:37.376000-04:00,1,1,
2016-05-17 11:48:33.565000-04:00,1,1,
2016-05-17 13:39:36.541000-04:00,1,1,
2016-05-17 14:33:23.561000-04:00,-1,1,
2016-05-17 19:22:12.074000-04:00,1,1,
2016-05-17 21:56:48.367000-04:00,-1,1,
2016-05-17 23:52:33.935000-04:00,-1,1,
2016-05-18 04:32:01.143000-04:00,-1,1,
2016-05-18 08:05:35.040000-04:00,-1,1,
2016-05-18 08:30:57.615000-04:00,-1,1,
2016-05-18 09:45:51.354000-04:00,1,1,
2016-05-18 11:04:26.965000-04:00,1,1,
2016-05-18 17:29:59.868000-04:00,-1,1,
2016-05-18 18:25:36.971000-04:00,-1,1,
2016-05-18 18:45:37.029000-04:00,-1,1,
2016-05-18 23:04:20.374000-04:00,1,1,
2016-05-18 23:19:20.497000-04:00,1,1,
2016-05-19 03:34:39.534000-04:00,-1,1,
2016-05-19 06:08:57.213000-04:00,-1,1,
2016-05-19 09:33:42.993000-04:00,1,1,
2016-05-19 14:12:46.661000-04:00,-1,1,
2016-05-19 16:52:08.638000-04:00,-1,1,
2016-05-19 18:19:15.201000-04:00,-1,1,
2016-05-20 00:55:05.434000-04:00,1,1,
2016-05-20 02:40:47.997000-04:00,-1,1,
2016-05-20 04:19:44.426000-04:00,1,1,
2016-05-20 06:30:39.242000-04:00,1,1,
2016-05-20 06:31:08.488000-04:00,-1,1,
2016-05-20 06:45:45.510000-04:00,-1,1,
2016-05-20 13:23:37.460000-04:00,1,1,
2016-05-20 15:30:12.458000-04:00,-1,1,
2016-05-20 15:50:12.908000-04:00,1,1,
2016-05-20 17:45:32.472000-04:00,1,1,
2016-05-20 18:11:07.961000-04:00,-1,1,
2016-05-20 22:44:17.596000-04:00,1,1,
2016-05-21 00:31:42.902000-04:00,1,1,
2016-05-21 06:03:05.160000-04:00,1,1,
2016-05-21 09:16:48.567000-04:00,1,1,
2016-05-21 09:17:53.149000-04:00,1,1,
2016-05-21 11:59:57.013000-04:00,1,1,
2016-05-21 13:47:39.126000-04:00,1,1,
2016-05-21 18:05:13.188000-04:00,-1,1,
2016-05-21 20:10:57.740000-04:00,-1,1,
2016-05-21 21:15:22.222000-04:00,-1,1,
2016-05-21 21:28:27.518000-04:00,1,1,
2016-05-21 22:35:20.174000-04:00,1,1,
2016-05-22 00:30:59.251000-04:00,-1,1,
2016-05-22 01:24:28.594000-04:00,-1,1,
2016-05-22 04:20:06.875000-04:00,1,1,
2016-05-22 21:21:39.646000-04:00,1,1,
2016-05-22 21:38:05.161000-04:00,-1,1,
2016-05-23 09:13:37.638000-04:00,-1,1,
2016-05-23 16:55:47.619000-04:00,1,1,
2016-05-23 19:35:42.742000-04:00,-1,1,
2016-05-23 23:48:49.128000-04:00,1,1,
2016-05-24 01:36:59.810000-04:00,-1,1,
2016-05-24 03:14:57.680000-04:00,-1,1,
2016-05-24 07:15:20.690000-04:00,1,1,
2016-05-24 16:50:46.006000-04:00,1,1,
2016-05-24 22:27:30.414000-04:00,1,1,
2016-05-25 02:10:40.840000-04:00,1,1,
2016-05-25 03:10:45.570000-04:00,1,1,
2016-05-25 08:21:30.111000-04:00,-1,1,
2016-05-25 08:49:56.023000-04:00,-1,1,
2016-05-25 08:57:32.142000-04:00,-1,1,
2016-05-25 09:48:02.763000-04:00,-1,1,
2016-05-25 11:21:34.412000-04:00,1,1,
2016-05-25 12:59:17.981000-04:00,0,1,
2016-05-25 13:35:40.400000-04:00,0,1,
2016-05-25 15:06:51.333000-04:00,-1,1,
2016-05-25 16:21:32.922000-04:00,-1,1,
2016-05-25 17:43:10.584000-04:00,-1,1,
2016-05-25 19:16:06.453000-04:00,-1,1,
2016-05-25 19:49:34.642000-04:00,-1,1,
2016-05-25 19:55:13.033000-04:00,-1,1,
2016-05-25 22:25:57.082000-04:00,-1,1,
2016-05-25 22:33:32.617000-04:00,-1,1,
2016-05-25 23:39:50.974000-04:00,0,1,
2016-05-26 00:22:31.377000-04:00,-1,1,
2016-05-26 01:06:35.056000-04:00,-1,1,
2016-05-26 01:20:35.487000-04:00,-1,1,
2016-05-26 02:44:02.069000-04:00,0,1,
2016-05-26 02:48:07.727000-04:00,0,1,
2016-05-26 03:00:22.984000-04:00,0,1,
2016-05-26 04:31:10.129000-04:00,0,1,
2016-05-26 04:34:55.651000-04:00,0,1,
2016-05-26 04:51:12.610000-04:00,-1,1,
2016-05-26 05:48:06.027000-04:00,-1,1,
2016-05-26 08:39:37.154000-04:00,1,1,
2016-05-26 09:01:33.887000-04:00,1,1,
2016-05-26 09:24:58.844000-04:00,0,1,
2016-05-26 13:27:26.887000-04:00,0,1,
2016-05-26 13:42:48.240000-04:00,1,1,
2016-05-26 14:06:15.542000-04:00,1,1,
2016-05-26 14:30:17.174000-04:00,0,1,
2016-05-26 16:34:51.184000-04:00,0,1,
2016-05-26 16:39:19.569000-04:00,0,1,
2016-05-26 17:23:52.181000-04:00,0,1,
2016-05-26 17:38:31.405000-04:00,0,1,
2016-05-26 20:59:37.075000-04:00,1,1,
2016-05-26 21:27:04.133000-04:00,1,1,
2016-05-26 22:36:45.295000-04:00,-1,1,
2016-05-26 23:32:01.973000-04:00,-1,1,
2016-05-26 23:40:57.895000-04:00,-1,1,
2016-05-27 05:28:04.316000-04:00,-1,1,
2016-05-27 06:12:01.147000-04:00,1,1,
2016-05-27 07:00:13.800000-04:00,1,1,
2016-05-27 08:09:21.889000-04:00,-1,1,
2016-05-27 08:28:23.647000-04:00,-1,1,
2016-05-27 08:40:36.548000-04:00,-1,1,
2016-05-27 09:23:00.840000-04:00,-1,1,
2016-05-27 09:41:53.133000-04:00,-1,1,
2016-05-27 09:59:02.094000-04:00,-1,1,
2016-05-27 10:42:55.741000-04:00,-1,1,
2016-05-27 11:09:16.654000-04:00,-1,1,
2016-05-27 12:42:37.532000-04:00,1,1,
2016-05-27 13:39:34.004000-04:00,-1,1,
2016-05-27 16:24:25.249000-04:00,-1,1,
2016-05-27 17:29:29.728000-04:00,-1,1,
2016-05-27 17:47:54.087000-04:00,-1,1,
2016-05-27 18:20:48.612000-04:00,-1,1,
2016-05-27 18:39:02.277000-04:00,-1,1,
2016-05-27 20:10:48.662000-04:00,1,1,
2016-05-27 21:15:23.973000-04:00,1,1,
2016-05-27 23:24:40.559000-04:00,1,1,
2016-05-27 23:32:51.426000-04:00,1,1,
2016-05-28 00:09:32.023000-04:00,1,1,
2016-05-28 00:57:04.114000-04:00,1,1,
2016-05-28 01:39:36.576000-04:00,1,1,
2016-05-28 02:02:03.755000-04:00,1,1,
2016-05-28 04:44:49.532000-04:00,1,1,
2016-05-28 05:47:35.148000-04:00,1,1,
2016-05-28 06:57:39.075000-04:00,1,1,
2016-05-28 09:19:23.746000-04:00,1,1,
2016-05-28 10:01:15.617000-04:00,1,1,
2016-05-28 10:42:28.599000-04:00,1,1,
2016-05-28 10:57:40.391000-04:00,1,1,
2016-05-28 12:23:24.767000-04:00,1,1,
2016-05-28 15:13:29.498000-04:00,1,1,
2016-05-28 16:25:35.490000-04:00,1,1,
2016-05-28 17:27:05.129000-04:00,1,1,
2016-05-28 17:50:54.505000-04:00,1,1,
2016-05-28 19:19:37.020000-04:00,1,1,
2016-05-28 21:16:11.250000-04:00,1,1,
2016-05-28 23:46:38.534000-04:00,1,1,
2016-05-29 01:13:34.851000-04:00,1,1,
2016-05-29 01:33:29.952000-04:00,1,1,
2016-05-29 02:01:39.289000-04:00,1,1,
2016-05-29 04:07:38.355000-04:00,1,1,
2016-05-29 05:51:23.863000-04:00,-1,1,
2016-05-29 06:08:37.310000-04:00,-1,1,
2016-05-29 06:26:30.618000-04:00,-1,1,
2016-05-29 06:41:34.832000-04:00,-1,1,
2016-05-29 06:56:08.976000-04:00,-1,1,
2016-05-29 07:11:00.490000-04:00,-1,1,
2016-05-29 07:32:21.518000-04:00,-1,1,
2016-05-29 07:47:47.614000-04:00,-1,1,
2016-05-29 08:05:34.259000-04:00,-1,1,
2016-05-29 08:23:33.893000-04:00,-1,1,
2016-05-29 08:40:49.568000-04:00,-1,1,
2016-05-29 08:50:41.473000-04:00,-1,1,
2016-05-29 10:34:09.381000-04:00,-1,1,
2016-05-29 10:41:01.033000-04:00,-1,1,
2016-05-29 12:37:55.063000-04:00,-1,1,
2016-05-29 12:57:17.777000-04:00,-1,1,
2016-05-29 13:08:01.896000-04:00,-1,1,
2016-05-29 13:22:58.787000-04:00,-1,1,
2016-05-29 14:29:11.572000-04:00,-1,1,
2016-05-29 16:39:02.949000-04:00,-1,1,
2016-05-29 16:55:12.868000-04:00,-1,1,
2016-05-29 18:24:01.620000-04:00,-1,1,
2016-05-29 19:03:23.549000-04:00,-1,1,
2016-05-29 20:02:42.808000-04:00,-1,1,
2016-05-29 21:25:24.528000-04:00,-1,1,
2016-05-29 22:10:51.133000-04:00,-1,1,
2016-05-29 22:25:16.580000-04:00,-1,1,
2016-05-30 00:26:11.365000-04:00,-1,1,
2016-05-30 00:39:03.345000-04:00,-1,1,
2016-05-30 00:54:35.125000-04:00,-1,1,
2016-05-30 01:20:42.705000-04:00,-1,1,
2016-05-30 03:29:40.781000-04:00,1,1,
2016-05-30 05:31:28.062000-04:00,0,1,
2016-05-30 05:58:57.336000-04:00,0,1,
2016-05-30 06:39:01.900000-04:00,0,1,
2016-05-30 11:50:45.988000-04:00,0,1,
2016-05-30 14:45:08.616000-04:00,1,1,
2016-05-30 15:15:16.591000-04:00,1,1,
2016-05-30 18:21:35.225000-04:00,1,1,
2016-05-30 19:48:19.580000-04:00,1,1,
2016-05-30 20:38:34.509000-04:00,1,1,
2016-05-30 23:20:07.373000-04:00,-1,1,
2016-05-30 23:31:36.695000-04:00,1,1,
2016-05-31 00:18:01.551000-04:00,-1,1,
2016-05-31 02:43:13.484000-04:00,1,1,
2016-05-31 07:52:59.450000-04:00,0,1,
2016-05-31 09:54:09.969000-04:00,-1,1,
2016-05-31 10:13:12.737000-04:00,0,1,
2016-05-31 13:08:27.601000-04:00,0,1,
2016-05-31 14:48:03.944000-04:00,1,1,
2016-05-31 15:39:57.179000-04:00,0,1,
2016-05-31 18:13:20.376000-04:00,0,1,
2016-05-31 19:17:21.635000-04:00,0,1,
2016-06-01 03:00:51.577000-04:00,0,1,
2016-06-01 03:40:11.281000-04:00,-1,1,
2016-06-01 05:01:30.552000-04:00,0,1,
2016-06-01 05:22:59.099000-04:00,0,1,
2016-06-01 05:23:39.549000-04:00,0,1,
2016-06-01 10:11:21.263000-04:00,0,1,
2016-06-01 13:22:51.764000-04:00,0,1,
2016-06-01 13:29:58.046000-04:00,0,1,
2016-06-01 14:29:43.636000-04:00,0,1,
2016-06-01 16:00:21.880000-04:00,0,1,
2016-06-01 16:17:38.347000-04:00,0,1,
2016-06-01 19:56:46.792000-04:00,0,1,
2016-06-02 08:49:04.412000-04:00,0,1,
2016-06-02 09:18:58.571000-04:00,-1,1,
2016-06-02 09:58:04.748000-04:00,0,1,
2016-06-02 11:02:38.499000-04:00,0,1,
2016-06-02 12:05:57.392000-04:00,0,1,
2016-06-02 20:29:14.792000-04:00,0,1,
2016-06-03 05:32:06.891000-04:00,0,1,
2016-06-03 05:33:05.248000-04:00,0,1,
2016-06-03 13:30:51.049000-04:00,-1,1,
2016-06-03 16:24:48.418000-04:00,0,1,
2016-06-03 16:38:11.258000-04:00,0,1,
2016-06-03 22:23:36.594000-04:00,-1,1,
2016-06-04 01:47:06.583000-04:00,-1,1,
2016-06-04 07:13:06.395000-04:00,-1,1,
2016-06-04 23:06:58.867000-04:00,0,1,
2016-06-04 23:45:34.702000-04:00,-1,1,
2016-06-04 23:55:24.385000-04:00,-1,1,
2016-06-06 00:07:57.043000-04:00,0,1,
2016-06-06 00:27:41.773000-04:00,0,1,
2016-06-06 00:52:35.765000-04:00,0,1,
2016-06-06 02:33:39.395000-04:00,0,1,
2016-06-06 05:38:11.406000-04:00,1,1,
2016-06-06 11:02:55.614000-04:00,0,1,
2016-06-06 17:38:25.723000-04:00,1,1,
2016-06-06 23:53:09.493000-04:00,1,1,
2016-06-07 06:16:01.254000-04:00,0,1,
2016-06-07 09:50:36.383000-04:00,0,1,
2016-06-07 12:37:24.934000-04:00,1,1,
2016-06-07 15:53:30.756000-04:00,1,1,
2016-06-07 18:27:38.451000-04:00,0,1,
2016-06-07 22:53:42.288000-04:00,1,1,
2016-06-08 05:08:58.732000-04:00,1,1,
2016-06-08 06:14:38.661000-04:00,1,1,
2016-06-08 07:31:39.669000-04:00,1,1,
2016-06-08 10:55:03.960000-04:00,1,1,
2016-06-08 12:09:56.012000-04:00,1,1,
2016-06-08 13:44:44.847000-04:00,1,1,
2016-06-08 14:00:10.450000-04:00,1,1,
2016-06-08 14:45:26.922000-04:00,1,1,
2016-06-08 20:35:05.497000-04:00,1,1,
2016-06-09 01:03:22.392000-04:00,0,1,
2016-06-09 01:32:29.852000-04:00,1,1,
2016-06-09 02:16:03.777000-04:00,1,1,
2016-06-09 08:38:11.618000-04:00,1,1,
2016-06-09 11:50:49.877000-04:00,1,1,
2016-06-09 13:28:23.471000-04:00,1,1,
2016-06-09 14:59:33.760000-04:00,0,1,
2016-06-09 22:44:51.214000-04:00,0,1,
2016-06-10 04:29:50.855000-04:00,1,1,
2016-06-10 08:28:15.626000-04:00,1,1,
2016-06-10 13:46:11.053000-04:00,0,1,
2016-06-10 18:05:46.815000-04:00,1,1,
2016-06-10 20:16:58.239000-04:00,1,1,
2016-06-10 20:48:31.299000-04:00,1,1,
2016-06-11 01:03:49.893000-04:00,1,1,
2016-06-11 08:08:29.034000-04:00,1,1,
2016-06-11 10:08:12.732000-04:00,0,1,
2016-06-11 14:11:18.604000-04:00,0,1,
2016-06-11 14:58:13.664000-04:00,1,1,
2016-06-11 18:51:26.963000-04:00,0,1,
2016-06-11 18:58:21.609000-04:00,1,1,
2016-06-11 22:00:07.076000-04:00,1,1,
2016-06-12 03:04:46.538000-04:00,1,1,
2016-06-12 04:21:50.740000-04:00,1,1,
2016-06-12 04:31:28.447000-04:00,1,1,
2016-06-12 07:21:13.353000-04:00,1,1,
2016-06-12 13:23:53.504000-04:00,1,1,
2016-06-12 16:17:39.178000-04:00,1,1,
2016-06-12 17:06:42.509000-04:00,1,1,
2016-06-12 18:57:42.058000-04:00,1,1,
2016-06-12 19:15:09.999000-04:00,1,1,
2016-06-12 20:14:29.155000-04:00,1,1,
2016-06-12 22:37:13.264000-04:00,1,1,
2016-06-12 23:26:31.425000-04:00,0,1,
2016-06-13 01:30:02.646000-04:00,1,1,
2016-06-13 02:42:39.998000-04:00,1,1,
2016-06-13 03:16:33.484000-04:00,1,1,
2016-06-13 11:16:26.262000-04:00,0,1,
2016-06-13 12:59:47.764000-04:00,1,1,
2016-06-13 18:57:21.376000-04:00,1,1,
2016-06-13 23:31:28.186000-04:00,1,1,
2016-06-13 23:45:16.443000-04:00,1,1,
2016-06-14 02:36:04.402000-04:00,0,1,
2016-06-14 03:10:59.427000-04:00,1,1,
2016-06-14 07:37:32.733000-04:00,1,1,
2016-06-14 09:04:43.820000-04:00,1,1,
2016-06-14 10:37:46.935000-04:00,1,1,
2016-06-16 18:23:08.296000-04:00,1,1,
2016-06-16 19:44:07.509000-04:00,0,1,
2016-06-16 21:48:06.493000-04:00,0,1,
2016-06-16 23:17:11.393000-04:00,0,1,
2016-06-17 01:01:39.276000-04:00,0,1,
2016-06-17 01:54:32.400000-04:00,0,1,
2016-06-17 04:12:18.891000-04:00,1,1,
2016-06-17 09:30:03.614000-04:00,0,1,
2016-06-17 13:36:40.600000-04:00,0,1,
2016-06-17 13:43:32.291000-04:00,0,1,
2016-06-17 15:17:43.624000-04:00,0,1,
2016-06-17 17:01:10.073000-04:00,0,1,
2016-06-17 17:31:01.643000-04:00,0,1,
2016-06-17 18:33:18.777000-04:00,0,1,
2016-06-17 18:52:42.855000-04:00,0,1,
2016-06-17 21:12:34.837000-04:00,0,1,
2016-06-17 21:21:27.172000-04:00,0,1,
2016-06-17 22:28:59.619000-04:00,0,1,
2016-06-17 23:05:42.024000-04:00,0,1,
2016-06-18 01:17:02.274000-04:00,0,1,
2016-06-18 02:43:42.386000-04:00,0,1,
2016-06-18 03:13:59.687000-04:00,0,1,
2016-06-18 05:00:47.706000-04:00,0,1,
2016-06-18 07:28:35.519000-04:00,0,1,
2016-06-18 08:00:48.225000-04:00,0,1,
2016-06-18 08:20:00.727000-04:00,0,1,
2016-06-18 08:38:40.122000-04:00,0,1,
2016-06-18 08:46:20.277000-04:00,0,1,
2016-06-18 09:04:22.010000-04:00,0,1,
2016-06-18 11:16:11.811000-04:00,0,1,
2016-06-18 12:02:48.477000-04:00,0,1,
2016-06-18 14:29:56.160000-04:00,0,1,
2016-06-18 16:10:55.217000-04:00,0,1,
2016-06-18 16:15:58.461000-04:00,0,1,
2016-06-18 16:47:33.254000-04:00,0,1,
2016-06-26 01:05:22.151000-04:00,0,1,
2016-06-26 07:55:56.672000-04:00,0,1,
2016-06-26 08:42:59.063000-04:00,1,1,
2016-06-26 12:29:13.406000-04:00,1,1,
2016-06-26 20:26:02.001000-04:00,0,1,
2016-06-26 22:24:36.438000-04:00,0,1,
2016-06-27 02:25:00.334000-04:00,0,1,
2016-06-27 03:21:54.125000-04:00,-1,1,
2016-06-27 03:37:50.192000-04:00,-1,1,
2016-06-27 04:07:25.999000-04:00,-1,1,
2016-06-27 04:25:09.686000-04:00,0,1,
2016-06-27 04:37:05.891000-04:00,0,1,
2016-06-27 05:09:02.113000-04:00,1,1,
2016-06-27 05:20:43.523000-04:00,0,1,
2016-06-27 05:41:08.690000-04:00,0,1,
2016-06-27 06:27:30.373000-04:00,0,1,
2016-06-27 06:38:32.820000-04:00,-1,1,
2016-06-27 07:15:04.345000-04:00,-1,1,
2016-06-27 07:38:08.909000-04:00,0,1,
2016-06-27 08:07:06.038000-04:00,-1,1,
2016-06-27 08:54:31.010000-04:00,-1,1,
2016-06-27 09:09:07.516000-04:00,-1,1,
2016-06-27 09:21:41.396000-04:00,1,1,
2016-06-27 09:38:36.248000-04:00,-1,1,
2016-06-27 09:53:35.098000-04:00,1,1,
2016-06-27 10:10:01.623000-04:00,1,1,
2016-06-27 10:37:39.800000-04:00,-1,1,
2016-06-27 11:09:35.407000-04:00,0,1,
2016-06-27 11:23:20.850000-04:00,0,1,
2016-06-27 11:36:31.188000-04:00,0,1,
2016-06-27 12:06:57.446000-04:00,-1,1,
2016-06-27 12:23:06.319000-04:00,-1,1,
2016-06-27 13:09:59.467000-04:00,0,1,
2016-06-27 13:37:54.843000-04:00,0,1,
2016-06-27 14:24:22.222000-04:00,1,1,
2016-06-27 14:51:58.177000-04:00,0,1,
2016-06-27 15:08:26.489000-04:00,0,1,
2016-06-27 15:24:32.002000-04:00,-1,1,
2016-06-27 15:52:35.633000-04:00,1,1,
2016-06-27 16:20:57.617000-04:00,-1,1,
2016-06-27 16:51:57.983000-04:00,-1,1,
2016-06-27 17:08:05.019000-04:00,-1,1,
2016-06-27 17:20:54.150000-04:00,-1,1,
2016-06-27 17:40:08.024000-04:00,-1,1,
2016-06-27 17:51:44.683000-04:00,0,1,
2016-06-27 18:08:43.024000-04:00,0,1,
2016-06-27 18:23:28.816000-04:00,0,1,
2016-06-27 18:39:17.863000-04:00,-1,1,
2016-06-27 18:53:20.247000-04:00,-1,1,
2016-06-27 19:23:30.962000-04:00,0,1,
2016-06-27 19:38:54.323000-04:00,-1,1,
2016-06-27 20:10:33.666000-04:00,-1,1,
2016-06-27 20:24:08.200000-04:00,-1,1,
2016-06-27 20:39:12.243000-04:00,-1,1,
2016-06-27 21:22:11.801000-04:00,0,1,
2016-06-27 21:37:36.657000-04:00,0,1,
2016-06-27 21:53:15.717000-04:00,-1,1,
2016-06-27 22:28:37.005000-04:00,-1,1,
2016-06-27 22:53:58.601000-04:00,-1,1,
2016-06-27 23:16:26.555000-04:00,0,1,
2016-06-27 23:42:54.819000-04:00,0,1,
2016-06-27 23:54:12.132000-04:00,0,1,
2016-06-28 00:09:16.318000-04:00,-1,1,
2016-06-28 00:38:14.593000-04:00,-1,1,
2016-06-28 01:12:29.329000-04:00,-1,1,
2016-06-28 01:14:21.193000-04:00,0,1,
2016-06-28 01:21:29.122000-04:00,-1,1,
2016-06-28 01:44:21.220000-04:00,-1,1,
2016-06-28 01:52:23.699000-04:00,0,1,
2016-06-28 02:22:37.031000-04:00,-1,1,
2016-06-28 02:37:03.828000-04:00,-1,1,
2016-06-28 02:53:08.188000-04:00,-1,1,
2016-06-28 03:09:48.251000-04:00,0,1,
2016-06-28 03:21:47.067000-04:00,0,1,
2016-06-28 03:37:40.959000-04:00,0,1,
2016-06-28 03:52:10.430000-04:00,1,1,
2016-06-28 04:36:51.808000-04:00,0,1,
2016-06-28 04:52:58.039000-04:00,-1,1,
2016-06-28 05:21:32.806000-04:00,-1,1,
2016-06-28 05:35:59.486000-04:00,-1,1,
2016-06-28 06:21:51.423000-04:00,0,1,
2016-06-28 06:38:41.557000-04:00,0,1,
2016-06-28 07:06:35.232000-04:00,0,1,
2016-06-28 07:38:58.756000-04:00,0,1,
2016-06-28 07:54:35.569000-04:00,1,1,
2016-06-28 08:09:44.856000-04:00,0,1,
2016-06-28 08:22:15.551000-04:00,0,1,
2016-06-28 08:36:59.305000-04:00,0,1,
2016-06-28 08:53:00.151000-04:00,0,1,
2016-06-28 09:08:52.809000-04:00,0,1,
2016-06-28 09:21:14.722000-04:00,1,1,
2016-06-28 09:36:57.520000-04:00,1,1,
2016-06-28 09:51:10.660000-04:00,1,1,
2016-06-28 10:09:39.724000-04:00,1,1,
2016-06-28 10:28:15.696000-04:00,1,1,
2016-06-28 10:37:46.179000-04:00,1,1,
2016-06-28 10:53:46.304000-04:00,0,1,
2016-06-28 11:05:04.504000-04:00,1,1,
2016-06-28 11:36:32.753000-04:00,0,1,
2016-06-28 11:52:16.926000-04:00,-1,1,
2016-06-28 12:08:36.263000-04:00,0,1,
2016-06-28 12:23:33.464000-04:00,1,1,
2016-06-28 12:37:41.889000-04:00,0,1,
2016-06-28 12:51:08.782000-04:00,0,1,
2016-06-28 13:07:46.635000-04:00,1,1,
2016-06-28 13:51:48.384000-04:00,0,1,
2016-06-28 14:07:00.569000-04:00,1,1,
2016-06-28 14:23:00.143000-04:00,0,1,
2016-06-28 14:37:06.449000-04:00,1,1,
2016-06-28 14:51:44.588000-04:00,0,1,
2016-06-28 15:05:43.320000-04:00,0,1,
2016-06-28 15:25:06.129000-04:00,1,1,
2016-06-28 15:37:31.889000-04:00,0,1,
2016-06-28 15:52:51.455000-04:00,1,1,
2016-06-28 16:21:15.078000-04:00,0,1,
2016-06-28 16:36:10.743000-04:00,-1,1,
2016-06-28 16:53:47.790000-04:00,0,1,
2016-06-28 17:04:58.242000-04:00,0,1,
2016-06-28 17:37:30.155000-04:00,0,1,
2016-06-28 17:54:01.021000-04:00,0,1,
2016-06-28 18:08:26.027000-04:00,0,1,
2016-06-28 18:53:55.144000-04:00,0,1,
2016-06-28 19:08:26.499000-04:00,-1,1,
2016-06-28 19:22:30.916000-04:00,-1,1,
2016-06-28 19:53:04.234000-04:00,0,1,
2016-06-28 20:08:47.450000-04:00,0,1,
2016-06-28 20:20:54.061000-04:00,0,1,
2016-06-28 20:38:09.737000-04:00,1,1,
2016-06-28 21:08:24.437000-04:00,1,1,
2016-06-28 21:22:41.407000-04:00,-1,1,
2016-06-28 21:37:34.140000-04:00,-1,1,
2016-06-28 21:52:44.193000-04:00,-1,1,
2016-06-28 22:07:17.286000-04:00,-1,1,
2016-06-28 22:22:46.865000-04:00,0,1,
2016-06-28 22:39:48.792000-04:00,-1,1,
2016-06-28 23:08:26.104000-04:00,0,1,
2016-06-28 23:38:54.024000-04:00,0,1,
2016-06-29 00:38:13.907000-04:00,0,1,
2016-06-29 00:52:41.089000-04:00,0,1,
2016-06-29 01:10:04.948000-04:00,0,1,
2016-06-29 01:23:22.441000-04:00,0,1,
2016-06-29 02:22:59.558000-04:00,0,1,
2016-06-29 02:41:19.694000-04:00,-1,1,
2016-06-29 02:50:52.791000-04:00,-1,1,
2016-06-29 03:40:27.204000-04:00,-1,1,
2016-06-29 05:07:58.519000-04:00,0,1,
2016-06-29 05:35:14.849000-04:00,-1,1,
2016-06-29 05:53:32.300000-04:00,1,1,
2016-06-29 06:08:20.610000-04:00,0,1,
2016-06-29 07:07:29.489000-04:00,0,1,
2016-06-29 07:39:42.283000-04:00,0,1,
2016-06-29 07:55:46.505000-04:00,-1,1,
2016-06-29 08:09:05.721000-04:00,-1,1,
2016-06-29 08:37:05.234000-04:00,0,1,
2016-06-29 10:07:48.485000-04:00,1,1,
2016-06-29 10:56:22.710000-04:00,1,1,
2016-06-29 11:39:06.561000-04:00,-1,1,
2016-06-29 11:52:30.744000-04:00,0,1,
2016-06-29 12:22:17.726000-04:00,0,1,
2016-06-29 12:39:31.108000-04:00,1,1,
2016-06-29 13:21:52.384000-04:00,0,1,
2016-06-29 13:54:16.585000-04:00,1,1,
2016-06-29 14:10:40.796000-04:00,0,1,
2016-06-29 14:23:49.077000-04:00,0,1,
2016-06-29 14:35:31.314000-04:00,-1,1,
2016-06-29 14:54:52.866000-04:00,0,1,
2016-06-29 15:24:11.548000-04:00,0,1,
2016-06-29 15:39:16.076000-04:00,0,1,
2016-06-29 15:54:41.514000-04:00,0,1,
2016-06-29 16:10:00.750000-04:00,0,1,
2016-06-29 16:43:01.961000-04:00,0,1,
2016-06-29 16:58:43.408000-04:00,-1,1,
2016-06-29 17:22:28.427000-04:00,0,1,
2016-06-29 17:38:07.437000-04:00,0,1,
2016-06-29 17:52:22.214000-04:00,0,1,
2016-06-29 18:24:07.116000-04:00,0,1,
2016-06-29 18:53:42.569000-04:00,0,1,
2016-06-29 19:09:26.010000-04:00,0,1,
2016-06-29 19:20:44.108000-04:00,0,1,
2016-06-29 19:37:52.100000-04:00,-1,1,
2016-06-29 19:54:05.235000-04:00,0,1,
2016-06-29 21:37:46.860000-04:00,1,1,
2016-06-29 22:09:42.715000-04:00,-1,1,
2016-06-29 22:22:39.640000-04:00,0,1,
2016-06-29 22:39:02.661000-04:00,0,1,
2016-06-29 22:52:45.198000-04:00,1,1,
2016-06-29 23:22:58.177000-04:00,-1,1,
2016-06-29 23:41:14.236000-04:00,0,1,
2016-06-29 23:53:03.519000-04:00,0,1,
2016-06-30 00:37:31.016000-04:00,0,1,
2016-06-30 01:11:41.949000-04:00,1,1,
2016-06-30 01:39:28.781000-04:00,1,1,
2016-06-30 01:51:14.985000-04:00,0,1,
2016-06-30 02:22:26.967000-04:00,-1,1,
2016-06-30 02:53:57.119000-04:00,-1,1,
2016-06-30 03:23:21.143000-04:00,0,1,
2016-06-30 03:54:21.831000-04:00,-1,1,
2016-06-30 04:24:46.404000-04:00,0,1,
2016-06-30 04:37:06.017000-04:00,-1,1,
2016-06-30 04:50:17.426000-04:00,-1,1,
2016-06-30 05:08:28.456000-04:00,1,1,
2016-06-30 05:22:40.415000-04:00,-1,1,
2016-06-30 05:38:06.448000-04:00,0,1,
2016-06-30 05:54:42.379000-04:00,0,1,
2016-06-30 06:20:53.181000-04:00,1,1,
2016-06-30 06:53:10.804000-04:00,0,1,
2016-06-30 07:21:51.028000-04:00,0,1,
2016-06-30 07:51:02.859000-04:00,0,1,
2016-06-30 08:09:12.725000-04:00,1,1,
2016-06-30 08:37:54.764000-04:00,0,1,
2016-06-30 09:00:59.852000-04:00,-1,1,
2016-06-30 09:21:49.860000-04:00,0,1,
2016-06-30 09:35:10.194000-04:00,0,1,
2016-06-30 09:52:03.997000-04:00,-1,1,
2016-06-30 10:10:48.336000-04:00,0,1,
2016-06-30 10:36:24.286000-04:00,-1,1,
2016-06-30 11:35:18.670000-04:00,-1,1,
2016-06-30 12:07:01.098000-04:00,0,1,
2016-06-30 12:52:14.089000-04:00,0,1,
2016-06-30 13:50:28.163000-04:00,0,1,
2016-06-30 14:07:29.466000-04:00,0,1,
2016-06-30 14:21:17.369000-04:00,0,1,
2016-06-30 14:35:54.497000-04:00,1,1,
2016-06-30 15:25:38.416000-04:00,0,1,
2016-06-30 15:38:18.872000-04:00,-1,1,
2016-06-30 15:50:25.102000-04:00,-1,1,
2016-06-30 16:07:48.738000-04:00,-1,1,
2016-06-30 16:21:23.102000-04:00,-1,1,
2016-06-30 16:39:57.485000-04:00,1,1,
2016-06-30 16:54:12.869000-04:00,-1,1,
2016-06-30 17:05:48.679000-04:00,-1,1,
2016-06-30 17:49:34.745000-04:00,-1,1,
2016-06-30 18:07:58.470000-04:00,-1,1,
2016-06-30 19:05:45.291000-04:00,-1,1,
2016-06-30 19:20:09.195000-04:00,-1,1,
2016-06-30 19:53:36.021000-04:00,0,1,
2016-06-30 20:21:48.795000-04:00,0,1,
2016-06-30 20:37:53.355000-04:00,0,1,
2016-06-30 20:52:24.263000-04:00,-1,1,
2016-06-30 21:20:29.194000-04:00,0,1,
2016-06-30 21:38:20.976000-04:00,1,1,
2016-06-30 21:53:38.555000-04:00,0,1,
2016-06-30 22:05:27.314000-04:00,-1,1,
2016-06-30 22:22:47.662000-04:00,0,1,
2016-06-30 23:06:45.076000-04:00,-1,1,
2016-06-30 23:21:22.924000-04:00,0,1,
2016-07-01 00:06:01.594000-04:00,-1,1,
2016-07-01 01:05:54.102000-04:00,-1,1,
2016-07-01 01:50:50.629000-04:00,0,1,
2016-07-01 02:09:45.294000-04:00,0,1,
2016-07-01 02:37:28.137000-04:00,1,1,
2016-07-01 03:24:59.972000-04:00,1,1,
2016-07-01 04:07:31.092000-04:00,-1,1,
2016-07-01 04:21:19.492000-04:00,-1,1,
2016-07-01 04:37:53.610000-04:00,1,1,
2016-07-01 04:50:52.646000-04:00,0,1,
2016-07-01 05:07:55.428000-04:00,-1,1,
2016-07-01 05:20:51.270000-04:00,0,1,
2016-07-01 05:50:31.779000-04:00,-1,1,
2016-07-01 06:08:08.722000-04:00,1,1,
2016-07-01 06:50:50.750000-04:00,0,1,
2016-07-01 07:08:28.703000-04:00,0,1,
2016-07-01 07:36:55.958000-04:00,0,1,
2016-07-01 08:22:49.869000-04:00,1,1,
2016-07-01 08:35:45.398000-04:00,0,1,
2016-07-01 09:36:00.660000-04:00,1,1,
2016-07-01 09:52:09.271000-04:00,1,1,
2016-07-01 10:07:35.531000-04:00,1,1,
2016-07-01 10:21:02.261000-04:00,1,1,
2016-07-01 10:35:23.635000-04:00,0,1,
2016-07-01 11:23:30.629000-04:00,-1,1,
2016-07-01 11:49:42.717000-04:00,0,1,
2016-07-01 12:06:07.536000-04:00,1,1,
2016-07-01 13:07:11.387000-04:00,0,1,
2016-07-01 13:22:58.071000-04:00,-1,1,
2016-07-01 13:36:23.704000-04:00,-1,1,
2016-07-01 13:49:37.814000-04:00,1,1,
2016-07-01 14:06:16.245000-04:00,-1,1,
2016-07-01 14:36:38.774000-04:00,0,1,
2016-07-01 14:51:11.535000-04:00,0,1,
2016-07-01 15:35:29.238000-04:00,1,1,
2016-07-01 15:51:43.760000-04:00,0,1,
2016-07-01 17:05:50.806000-04:00,0,1,
2016-07-01 17:50:54.462000-04:00,1,1,
2016-07-01 18:36:18.768000-04:00,1,1,
2016-07-01 18:51:56.252000-04:00,0,1,
2016-07-01 19:39:33.342000-04:00,1,1,
2016-07-01 20:10:44.513000-04:00,0,1,
2016-07-01 20:36:24.139000-04:00,0,1,
2016-07-01 20:52:45.987000-04:00,1,1,
2016-07-01 21:06:47.945000-04:00,1,1,
2016-07-01 22:09:32.795000-04:00,1,1,
2016-07-01 22:21:58.697000-04:00,0,1,
2016-07-01 22:37:22.736000-04:00,1,1,
2016-07-01 23:04:51.892000-04:00,1,1,
2016-07-01 23:21:09.151000-04:00,1,1,
2016-07-01 23:49:58.382000-04:00,0,1,
2016-07-02 00:20:33.215000-04:00,1,1,
2016-07-02 00:50:11.407000-04:00,0,1,
2016-07-02 01:04:44.553000-04:00,0,1,
2016-07-02 01:51:05.426000-04:00,1,1,
2016-07-02 02:06:36.383000-04:00,0,1,
2016-07-02 02:22:15.217000-04:00,0,1,
2016-07-02 02:49:40.232000-04:00,1,1,
2016-07-02 03:06:39.087000-04:00,1,1,
2016-07-02 03:51:22.786000-04:00,1,1,
2016-07-02 04:08:28.331000-04:00,1,1,
2016-07-02 04:19:44.248000-04:00,1,1,
2016-07-02 04:37:40.179000-04:00,0,1,
2016-07-02 04:52:55.386000-04:00,0,1,
2016-07-02 05:21:53.375000-04:00,0,1,
2016-07-02 05:50:51.660000-04:00,1,1,
2016-07-02 06:21:22.507000-04:00,0,1,
2016-07-02 06:37:25.465000-04:00,0,1,
2016-07-02 07:06:43.379000-04:00,0,1,
2016-07-02 07:19:54.592000-04:00,0,1,
2016-07-02 07:35:03.413000-04:00,1,1,
2016-07-02 07:51:13.727000-04:00,1,1,
2016-07-02 08:08:05.599000-04:00,0,1,
2016-07-02 08:22:52.201000-04:00,0,1,
2016-07-02 08:35:40.026000-04:00,1,1,
2016-07-02 08:50:05.710000-04:00,1,1,
2016-07-02 09:09:55.378000-04:00,0,1,
2016-07-02 09:34:15.726000-04:00,0,1,
2016-07-02 09:52:01.388000-04:00,0,1,
2016-07-02 10:06:34.673000-04:00,1,1,
2016-07-02 10:19:32.002000-04:00,0,1,
2016-07-02 10:49:14.075000-04:00,0,1,
2016-07-02 11:20:45.834000-04:00,1,1,
2016-07-02 12:50:38.370000-04:00,0,1,
2016-07-02 13:08:28.862000-04:00,1,1,
2016-07-02 13:35:02.553000-04:00,1,1,
2016-07-02 14:04:11.520000-04:00,0,1,
2016-07-02 14:35:00.540000-04:00,0,1,
2016-07-02 15:05:41.406000-04:00,1,1,
2016-07-02 15:36:50.098000-04:00,0,1,
2016-07-02 16:06:24.569000-04:00,1,1,
2016-07-02 16:35:20.958000-04:00,0,1,
2016-07-02 16:50:34.294000-04:00,1,1,
2016-07-02 17:07:27.335000-04:00,0,1,
2016-07-02 17:21:22.077000-04:00,0,1,
2016-07-02 17:49:32.873000-04:00,0,1,
2016-07-02 18:36:35.751000-04:00,0,1,
2016-07-02 19:06:52.452000-04:00,1,1,
2016-07-02 19:21:29.942000-04:00,0,1,
2016-07-02 19:34:29.186000-04:00,1,1,
2016-07-02 20:36:14.649000-04:00,1,1,
2016-07-02 21:05:27.609000-04:00,0,1,
2016-07-02 21:20:50.875000-04:00,0,1,
2016-07-02 21:35:29.697000-04:00,1,1,
2016-07-04 23:19:35.451000-04:00,1,1,
2016-07-05 00:03:33.484000-04:00,0,1,
2016-07-05 00:21:15.486000-04:00,0,1,
2016-07-05 00:37:14.646000-04:00,1,1,
2016-07-05 00:50:40.189000-04:00,0,1,
2016-07-05 01:20:47.235000-04:00,1,1,
2016-07-05 01:34:42.440000-04:00,1,1,
2016-07-05 02:04:21.807000-04:00,1,1,
2016-07-05 02:33:21.574000-04:00,1,1,
2016-07-05 03:04:55.706000-04:00,0,1,
2016-07-05 04:49:47.215000-04:00,0,1,
2016-07-05 05:18:29.886000-04:00,1,1,
2016-07-05 06:04:54.065000-04:00,0,1,
2016-07-05 06:35:17.511000-04:00,0,1,
2016-07-05 06:50:16.212000-04:00,-1,1,
2016-07-05 07:05:18.592000-04:00,0,1,
2016-07-05 08:19:14.990000-04:00,0,1,
2016-07-05 08:36:13.006000-04:00,0,1,
2016-07-05 08:50:03.885000-04:00,-1,1,
2016-07-05 09:05:06.074000-04:00,-1,1,
2016-07-05 09:32:50.169000-04:00,0,1,
2016-07-05 10:36:28.915000-04:00,0,1,
2016-07-05 10:49:36.809000-04:00,0,1,
2016-07-05 11:04:42.775000-04:00,0,1,
2016-07-05 11:35:05.718000-04:00,0,1,
2016-07-05 20:19:14.976000-04:00,0,1,
2016-07-05 20:35:19.264000-04:00,0,1,
2016-07-05 20:50:49.361000-04:00,0,1,
2016-07-05 21:08:08.494000-04:00,0,1,
2016-07-05 21:20:56.262000-04:00,0,1,
2016-07-05 21:35:10.983000-04:00,0,1,
2016-07-05 21:51:29.776000-04:00,1,1,
2016-07-05 22:20:58.738000-04:00,-1,1,
2016-07-05 22:33:56.922000-04:00,0,1,
2016-07-05 22:49:57.511000-04:00,0,1,
2016-07-05 23:04:53.690000-04:00,-1,1,
2016-07-05 23:22:46.413000-04:00,0,1,
2016-07-05 23:38:26.206000-04:00,0,1,
2016-07-05 23:51:50.157000-04:00,0,1,
2016-07-06 00:07:23.752000-04:00,0,1,
2016-07-06 00:20:27.219000-04:00,0,1,
2016-07-06 00:35:26.942000-04:00,0,1,
2016-07-06 00:50:55.066000-04:00,0,1,
2016-07-06 01:06:28.569000-04:00,-1,1,
2016-07-06 01:21:47.068000-04:00,-1,1,
2016-07-06 01:36:31.182000-04:00,-1,1,
2016-07-06 02:04:53.437000-04:00,-1,1,
2016-07-06 02:36:24.548000-04:00,0,1,
2016-07-06 02:52:04.225000-04:00,0,1,
2016-07-06 03:05:35.369000-04:00,0,1,
2016-07-06 03:22:31.730000-04:00,-1,1,
2016-07-06 03:37:12.271000-04:00,0,1,
2016-07-06 03:50:27.324000-04:00,0,1,
2016-07-06 04:05:25.386000-04:00,0,1,
2016-07-06 04:20:02.851000-04:00,0,1,
2016-07-06 04:38:42.600000-04:00,0,1,
2016-07-06 04:50:53.723000-04:00,0,1,
2016-07-06 05:19:43.233000-04:00,0,1,
2016-07-06 05:35:55.764000-04:00,0,1,
2016-07-06 05:50:37.015000-04:00,1,1,
2016-07-06 06:04:57.861000-04:00,0,1,
2016-07-06 06:22:11.499000-04:00,0,1,
2016-07-06 06:34:32.295000-04:00,0,1,
2016-07-06 06:51:13.806000-04:00,-1,1,
2016-07-06 07:22:40.678000-04:00,0,1,
2016-07-06 07:36:07.344000-04:00,0,1,
2016-07-06 07:51:39.863000-04:00,0,1,
2016-07-06 08:07:16.586000-04:00,0,1,
2016-07-06 08:35:46.471000-04:00,-1,1,
2016-07-06 09:05:48.586000-04:00,-1,1,
2016-07-06 09:38:17.442000-04:00,0,1,
2016-07-06 09:52:46.602000-04:00,0,1,
2016-07-06 10:06:20.504000-04:00,0,1,
2016-07-06 10:21:28.485000-04:00,0,1,
2016-07-06 10:35:47.228000-04:00,0,1,
2016-07-06 10:52:17.367000-04:00,0,1,
2016-07-06 11:05:59.578000-04:00,0,1,
2016-07-06 11:36:12.970000-04:00,0,1,
2016-07-06 11:49:55.181000-04:00,0,1,
2016-07-06 12:09:08.091000-04:00,-1,1,
2016-07-06 12:21:40.842000-04:00,0,1,
2016-07-06 12:37:04.661000-04:00,0,1,
2016-07-06 12:52:49.815000-04:00,0,1,
2016-07-06 13:24:07.804000-04:00,0,1,
2016-07-06 13:36:12.818000-04:00,0,1,
2016-07-06 13:50:42.365000-04:00,0,1,
2016-07-06 14:06:46.976000-04:00,-1,1,
2016-07-06 14:20:08.662000-04:00,-1,1,
2016-07-06 14:35:40.866000-04:00,0,1,
2016-07-06 14:49:50.581000-04:00,-1,1,
2016-07-06 15:05:14.761000-04:00,0,1,
2016-07-06 15:20:44.882000-04:00,0,1,
2016-07-06 16:07:35.321000-04:00,0,1,
2016-07-06 16:38:13.110000-04:00,0,1,
2016-07-06 16:52:23.366000-04:00,-1,1,
2016-07-06 17:07:15.358000-04:00,-1,1,
2016-07-06 17:20:47.990000-04:00,-1,1,
2016-07-06 17:52:56.091000-04:00,-1,1,
2016-07-06 18:22:47.216000-04:00,-1,1,
2016-07-06 19:07:04.673000-04:00,-1,1,
2016-07-06 19:21:46.185000-04:00,-1,1,
2016-07-06 19:36:45.783000-04:00,-1,1,
2016-07-06 20:08:08.231000-04:00,0,1,
2016-07-06 20:20:51.182000-04:00,-1,1,
2016-07-06 20:34:57.427000-04:00,-1,1,
2016-07-06 20:50:38.736000-04:00,0,1,
2016-07-06 21:06:25.539000-04:00,1,1,
2016-07-06 21:21:02.771000-04:00,0,1,
2016-07-06 21:35:49.986000-04:00,0,1,
2016-07-06 21:51:04.647000-04:00,0,1,
2016-07-06 22:06:00.918000-04:00,-1,1,
2016-07-06 22:21:42.162000-04:00,0,1,
2016-07-06 22:37:41.910000-04:00,0,1,
2016-07-06 22:51:22.740000-04:00,0,1,
2016-07-06 23:22:32.241000-04:00,0,1,
2016-07-06 23:36:13.681000-04:00,0,1,
2016-07-06 23:50:26.907000-04:00,0,1,
2016-07-07 00:04:30.070000-04:00,0,1,
2016-07-07 00:20:10.153000-04:00,0,1,
2016-07-07 00:35:12.924000-04:00,0,1,
2016-07-07 00:50:53.592000-04:00,0,1,
2016-07-07 01:04:21.552000-04:00,0,1,
2016-07-07 01:20:20.609000-04:00,0,1,
2016-07-07 01:35:06.798000-04:00,-1,1,
2016-07-07 01:51:57.367000-04:00,0,1,
2016-07-07 02:08:01.109000-04:00,1,1,
2016-07-07 02:21:20.406000-04:00,0,1,
2016-07-07 02:37:41.844000-04:00,0,1,
2016-07-07 02:53:46.043000-04:00,0,1,
2016-07-07 03:05:16.579000-04:00,0,1,
2016-07-07 03:19:43.082000-04:00,0,1,
2016-07-07 03:35:28.069000-04:00,0,1,
2016-07-07 03:50:32.890000-04:00,-1,1,
2016-07-07 04:07:01.511000-04:00,0,1,
2016-07-07 04:22:13.329000-04:00,0,1,
2016-07-07 04:37:42.819000-04:00,0,1,
2016-07-07 04:52:40.923000-04:00,0,1,
2016-07-07 05:05:10.034000-04:00,1,1,
2016-07-07 05:22:08.107000-04:00,0,1,
2016-07-07 05:51:49.533000-04:00,0,1,
2016-07-07 06:04:55.043000-04:00,0,1,
2016-07-07 06:21:51.453000-04:00,-1,1,
2016-07-07 06:36:16.190000-04:00,-1,1,
2016-07-07 06:53:21.997000-04:00,0,1,
2016-07-07 07:37:19.248000-04:00,0,1,
2016-07-07 07:50:16.827000-04:00,-1,1,
2016-07-07 08:06:31.810000-04:00,0,1,
2016-07-07 08:19:32.320000-04:00,0,1,
2016-07-07 08:36:52.027000-04:00,0,1,
2016-07-07 08:50:30.645000-04:00,-1,1,
2016-07-07 09:06:08.627000-04:00,0,1,
2016-07-07 09:36:40.064000-04:00,0,1,
2016-07-07 09:56:13.016000-04:00,-1,1,
2016-07-07 10:11:58.886000-04:00,0,1,
2016-07-07 10:56:24.069000-04:00,0,1,
2016-07-07 11:23:09.514000-04:00,0,1,
2016-07-07 12:08:15.030000-04:00,0,1,
2016-07-07 12:36:22.979000-04:00,-1,1,
2016-07-07 13:37:25.838000-04:00,-1,1,
2016-07-07 13:52:37.213000-04:00,-1,1,
2016-07-07 14:05:42.443000-04:00,1,1,
2016-07-07 14:23:33.306000-04:00,0,1,
2016-07-07 14:35:54.923000-04:00,-1,1,
2016-07-07 14:53:36.914000-04:00,0,1,
2016-07-07 15:07:49.270000-04:00,0,1,
2016-07-07 15:21:05.551000-04:00,0,1,
2016-07-07 15:51:47.607000-04:00,-1,1,
2016-07-07 16:22:18.305000-04:00,-1,1,
2016-07-07 16:38:31.637000-04:00,-1,1,
2016-07-07 16:51:42.219000-04:00,-1,1,
2016-07-07 17:08:19.062000-04:00,-1,1,
2016-07-07 17:20:03.373000-04:00,-1,1,
2016-07-07 17:37:35.222000-04:00,-1,1,
2016-07-07 17:52:21.871000-04:00,-1,1,
2016-07-07 18:10:24.020000-04:00,-1,1,
2016-07-07 18:29:53.717000-04:00,0,1,
2016-07-07 18:39:32.449000-04:00,-1,1,
2016-07-07 18:56:42.869000-04:00,-1,1,
2016-07-07 19:06:27.331000-04:00,0,1,
2016-07-07 19:25:07.247000-04:00,-1,1,
2016-07-07 19:41:50.328000-04:00,-1,1,
2016-07-07 19:51:49.621000-04:00,-1,1,
2016-07-07 20:29:57.677000-04:00,-1,1,
2016-07-07 20:35:31.655000-04:00,-1,1,
2016-07-07 20:50:51.828000-04:00,-1,1,
2016-07-07 21:08:10.489000-04:00,-1,1,
2016-07-07 21:21:36.219000-04:00,-1,1,
2016-07-07 21:54:16.091000-04:00,-1,1,
2016-07-07 22:08:05.723000-04:00,0,1,
2016-07-07 22:21:17.401000-04:00,-1,1,
2016-07-07 22:34:58.437000-04:00,0,1,
2016-07-07 22:52:33.100000-04:00,0,1,
2016-07-07 23:10:55.725000-04:00,-1,1,
2016-07-07 23:21:21.330000-04:00,-1,1,
2016-07-07 23:37:06.272000-04:00,-1,1,
2016-07-07 23:53:03.085000-04:00,0,1,
2016-07-08 00:08:05.554000-04:00,0,1,
2016-07-08 00:21:32.600000-04:00,-1,1,
2016-07-08 00:38:13.655000-04:00,0,1,
2016-07-08 00:51:18.571000-04:00,0,1,
2016-07-08 01:08:13.492000-04:00,0,1,
2016-07-08 01:36:11.702000-04:00,0,1,
2016-07-08 01:52:30.308000-04:00,0,1,
2016-07-08 02:09:20.997000-04:00,-1,1,
2016-07-08 02:22:16.272000-04:00,1,1,
2016-07-08 02:38:24.842000-04:00,0,1,
2016-07-08 02:51:39.532000-04:00,0,1,
2016-07-08 03:07:44.044000-04:00,0,1,
2016-07-08 03:36:26.717000-04:00,0,1,
2016-07-08 03:53:13.894000-04:00,0,1,
2016-07-08 04:06:25.582000-04:00,0,1,
2016-07-08 04:21:14.788000-04:00,0,1,
2016-07-08 04:38:31.233000-04:00,0,1,
2016-07-08 04:51:52.514000-04:00,0,1,
2016-07-08 05:36:23.492000-04:00,0,1,
2016-07-08 05:51:02.608000-04:00,-1,1,
2016-07-08 06:09:14.786000-04:00,-1,1,
2016-07-08 06:22:00.546000-04:00,-1,1,
2016-07-08 06:51:45.089000-04:00,0,1,
2016-07-08 07:07:21.450000-04:00,-1,1,
2016-07-08 07:21:29.993000-04:00,0,1,
2016-07-08 07:37:00.472000-04:00,0,1,
2016-07-08 07:51:00.910000-04:00,-1,1,
2016-07-08 08:07:44.819000-04:00,-1,1,
2016-07-08 08:22:32.440000-04:00,0,1,
2016-07-08 08:39:25.034000-04:00,0,1,
2016-07-08 08:53:17.099000-04:00,0,1,
2016-07-08 09:10:43.035000-04:00,-1,1,
2016-07-08 09:21:58.362000-04:00,1,1,
2016-07-08 09:37:01.268000-04:00,1,1,
2016-07-08 09:52:06.727000-04:00,1,1,
2016-07-08 10:09:21.240000-04:00,0,1,
2016-07-08 10:23:29.250000-04:00,0,1,
2016-07-08 10:49:52.871000-04:00,0,1,
2016-07-08 11:22:51.563000-04:00,0,1,
2016-07-08 11:53:12.881000-04:00,0,1,
2016-07-08 12:37:56.584000-04:00,-1,1,
2016-07-08 12:53:47.016000-04:00,-1,1,
2016-07-08 13:06:56.749000-04:00,0,1,
2016-07-08 13:24:17.089000-04:00,-1,1,
2016-07-08 13:36:35.463000-04:00,-1,1,
2016-07-08 13:51:19.529000-04:00,-1,1,
2016-07-08 14:06:48.559000-04:00,0,1,
2016-07-08 14:21:44.424000-04:00,-1,1,
2016-07-08 15:21:44.710000-04:00,0,1,
2016-07-08 15:52:27.707000-04:00,0,1,
2016-07-08 16:07:08.473000-04:00,0,1,
2016-07-08 16:21:17.579000-04:00,-1,1,
2016-07-08 16:40:21.457000-04:00,-1,1,
2016-07-08 16:53:03.625000-04:00,-1,1,
2016-07-08 17:08:49.123000-04:00,-1,1,
2016-07-08 17:25:05.688000-04:00,0,1,
2016-07-08 17:36:33.806000-04:00,0,1,
2016-07-08 17:53:05.321000-04:00,0,1,
2016-07-08 18:23:09.973000-04:00,-1,1,
2016-07-08 18:37:43.339000-04:00,-1,1,
2016-07-08 18:52:06.618000-04:00,-1,1,
2016-07-08 19:10:47.267000-04:00,-1,1,
2016-07-08 19:22:55.627000-04:00,0,1,
2016-07-08 19:40:54.928000-04:00,-1,1,
2016-07-08 19:50:43.271000-04:00,-1,1,
2016-07-08 20:07:33.797000-04:00,-1,1,
2016-07-08 20:23:34.662000-04:00,-1,1,
2016-07-08 20:37:57.362000-04:00,-1,1,
2016-07-08 20:54:33.534000-04:00,-1,1,
2016-07-08 21:08:36.931000-04:00,0,1,
2016-07-08 21:36:34.856000-04:00,-1,1,
2016-07-08 21:53:38.198000-04:00,-1,1,
2016-07-08 22:08:32.302000-04:00,0,1,
2016-07-08 22:23:53.543000-04:00,-1,1,
2016-07-08 22:35:16.614000-04:00,-1,1,
2016-07-08 22:52:47.758000-04:00,0,1,
2016-07-08 23:08:59.202000-04:00,-1,1,
2016-07-08 23:21:51.470000-04:00,-1,1,
2016-07-08 23:38:54.636000-04:00,-1,1,
2016-07-08 23:52:10.805000-04:00,-1,1,
2016-07-09 00:11:27.620000-04:00,0,1,
2016-07-09 00:23:20.079000-04:00,-1,1,
2016-07-09 00:37:07.805000-04:00,0,1,
2016-07-09 00:52:46.829000-04:00,0,1,
2016-07-09 01:06:53.298000-04:00,-1,1,
2016-07-09 01:25:20.928000-04:00,-1,1,
2016-07-09 01:37:12.063000-04:00,-1,1,
2016-07-09 01:51:16.052000-04:00,-1,1,
2016-07-09 02:20:27.214000-04:00,-1,1,
2016-07-09 02:37:52.593000-04:00,-1,1,
2016-07-09 02:53:34.929000-04:00,-1,1,
2016-07-09 03:09:23.857000-04:00,-1,1,
2016-07-09 03:24:06.760000-04:00,0,1,
2016-07-09 03:36:20.287000-04:00,0,1,
2016-07-09 03:53:39.379000-04:00,-1,1,
2016-07-09 04:08:01.302000-04:00,0,1,
2016-07-09 04:23:32.931000-04:00,-1,1,
2016-07-09 04:39:38.531000-04:00,-1,1,
2016-07-09 04:50:56.737000-04:00,-1,1,
2016-07-09 05:06:34.847000-04:00,0,1,
2016-07-09 05:23:00.916000-04:00,-1,1,
2016-07-09 05:36:30.786000-04:00,-1,1,
2016-07-09 05:52:36.816000-04:00,0,1,
2016-07-09 06:07:37.941000-04:00,-1,1,
2016-07-09 06:35:24.279000-04:00,0,1,
2016-07-09 06:53:14.209000-04:00,-1,1,
2016-07-09 07:38:21.378000-04:00,-1,1,
2016-07-09 07:52:34.440000-04:00,-1,1,
2016-07-09 08:09:09.582000-04:00,0,1,
2016-07-09 08:36:58.075000-04:00,-1,1,
2016-07-09 08:54:58.839000-04:00,-1,1,
2016-07-09 09:08:21.938000-04:00,-1,1,
2016-07-09 09:36:37.889000-04:00,-1,1,
2016-07-09 09:53:19.431000-04:00,0,1,
2016-07-09 10:06:11.652000-04:00,-1,1,
2016-07-09 10:22:26.445000-04:00,-1,1,
2016-07-09 10:38:33.272000-04:00,-1,1,
2016-07-09 11:22:44.789000-04:00,-1,1,
2016-07-09 11:38:18.720000-04:00,-1,1,
2016-07-09 11:51:08.812000-04:00,-1,1,
2016-07-09 12:22:38.381000-04:00,0,1,
2016-07-09 12:39:32.676000-04:00,-1,1,
2016-07-09 12:52:23.389000-04:00,-1,1,
2016-07-09 13:08:14.815000-04:00,0,1,
2016-07-09 13:22:45.935000-04:00,-1,1,
2016-07-09 13:39:46.901000-04:00,-1,1,
2016-07-09 13:53:04.230000-04:00,-1,1,
2016-07-09 14:07:35.336000-04:00,0,1,
2016-07-09 14:37:21.651000-04:00,-1,1,
2016-07-09 14:53:30.234000-04:00,-1,1,
2016-07-09 15:06:17.971000-04:00,0,1,
2016-07-09 15:21:25.611000-04:00,-1,1,
2016-07-09 15:36:47.832000-04:00,-1,1,
2016-07-09 15:53:20.259000-04:00,0,1,
2016-07-09 16:24:55.699000-04:00,-1,1,
2016-07-09 16:35:23.130000-04:00,0,1,
2016-07-09 16:54:03.509000-04:00,-1,1,
2016-07-09 17:05:23.083000-04:00,-1,1,
2016-07-09 17:24:53.220000-04:00,-1,1,
2016-07-09 17:37:53.519000-04:00,0,1,
2016-07-09 18:08:06.004000-04:00,-1,1,
2016-07-09 18:36:25.690000-04:00,-1,1,
2016-07-09 18:49:08.529000-04:00,-1,1,
2016-07-09 19:06:39.045000-04:00,0,1,
2016-07-09 19:22:31.516000-04:00,-1,1,
2016-07-09 19:37:08.211000-04:00,-1,1,
2016-07-09 19:52:37.310000-04:00,0,1,
2016-07-09 20:11:09.450000-04:00,-1,1,
2016-07-09 20:20:16-04:00,0,1,
2016-07-09 20:39:14.797000-04:00,0,1,
2016-07-09 20:51:27.945000-04:00,0,1,
2016-07-09 21:07:51.986000-04:00,-1,1,
2016-07-09 21:20:41.723000-04:00,-1,1,
2016-07-09 21:35:57.747000-04:00,-1,1,
2016-07-09 21:53:38.746000-04:00,-1,1,
2016-07-09 22:07:36.731000-04:00,0,1,
2016-07-09 22:37:14.034000-04:00,-1,1,
2016-07-09 22:50:28.372000-04:00,-1,1,
2016-07-09 23:09:12.158000-04:00,0,1,
2016-07-09 23:23:26.188000-04:00,0,1,
2016-07-09 23:38:27.253000-04:00,-1,1,
2016-07-09 23:53:30.590000-04:00,-1,1,
2016-07-10 00:06:55.419000-04:00,0,1,
2016-07-10 00:22:39.868000-04:00,0,1,
2016-07-10 00:36:47.958000-04:00,-1,1,
2016-07-10 00:55:02.817000-04:00,-1,1,
2016-07-10 01:06:47.428000-04:00,-1,1,
2016-07-10 01:27:23.086000-04:00,-1,1,
2016-07-10 01:39:03.324000-04:00,0,1,
2016-07-10 02:36:41.196000-04:00,-1,1,
2016-07-10 02:53:56.737000-04:00,-1,1,
2016-07-10 03:09:04.314000-04:00,0,1,
2016-07-10 03:38:43.905000-04:00,0,1,
2016-07-10 04:06:45.651000-04:00,-1,1,
2016-07-10 04:24:12.096000-04:00,-1,1,
2016-07-10 04:37:29.348000-04:00,0,1,
2016-07-10 04:51:35.681000-04:00,0,1,
2016-07-10 05:06:15.189000-04:00,-1,1,
2016-07-10 05:50:53.715000-04:00,0,1,
2016-07-10 06:22:49.947000-04:00,0,1,
2016-07-10 06:36:17.254000-04:00,-1,1,
2016-07-10 06:54:22.787000-04:00,-1,1,
2016-07-10 07:09:05.104000-04:00,-1,1,
2016-07-10 07:23:36.127000-04:00,0,1,
2016-07-10 07:37:42.821000-04:00,-1,1,
2016-07-10 07:52:26.799000-04:00,0,1,
2016-07-10 08:05:46.784000-04:00,-1,1,
2016-07-10 08:21:53.264000-04:00,-1,1,
2016-07-10 08:38:22.333000-04:00,0,1,
2016-07-10 09:06:24.119000-04:00,-1,1,
2016-07-10 09:22:42.945000-04:00,0,1,
2016-07-10 09:36:09.803000-04:00,-1,1,
2016-07-10 10:05:30.106000-04:00,-1,1,
2016-07-10 10:37:45.613000-04:00,-1,1,
2016-07-10 11:10:07.548000-04:00,-1,1,
2016-07-10 11:37:21.730000-04:00,0,1,
2016-07-10 11:52:23.719000-04:00,0,1,
2016-07-10 12:08:41.310000-04:00,0,1,
2016-07-10 12:23:14.280000-04:00,-1,1,
2016-07-10 12:37:20.196000-04:00,0,1,
2016-07-10 12:51:25.715000-04:00,0,1,
2016-07-10 13:08:02.099000-04:00,-1,1,
2016-07-10 13:23:07.238000-04:00,-1,1,
2016-07-10 13:53:18.798000-04:00,0,1,
2016-07-10 14:06:15.660000-04:00,-1,1,
2016-07-10 14:23:45.027000-04:00,0,1,
2016-07-10 14:36:38.505000-04:00,0,1,
2016-07-10 14:52:51.932000-04:00,-1,1,
2016-07-10 15:05:51.340000-04:00,-1,1,
2016-07-10 15:21:55.898000-04:00,0,1,
2016-07-10 15:38:44.456000-04:00,-1,1,
2016-07-10 15:51:43.537000-04:00,-1,1,
2016-07-10 16:06:07.042000-04:00,-1,1,
2016-07-10 16:23:36.668000-04:00,-1,1,
2016-07-10 16:36:45.521000-04:00,-1,1,
2016-07-10 16:51:53.206000-04:00,-1,1,
2016-07-10 17:08:07.040000-04:00,0,1,
2016-07-10 17:24:29.997000-04:00,-1,1,
2016-07-10 17:36:37.076000-04:00,-1,1,
2016-07-10 17:52:15.881000-04:00,-1,1,
2016-07-10 18:05:58.601000-04:00,-1,1,
2016-07-10 18:23:08.719000-04:00,-1,1,
2016-07-10 18:37:13.321000-04:00,-1,1,
2016-07-10 18:52:28.684000-04:00,-1,1,
2016-07-10 19:09:39.809000-04:00,-1,1,
2016-07-10 19:38:06.353000-04:00,0,1,
2016-07-10 20:23:11.624000-04:00,-1,1,
2016-07-10 21:10:47.456000-04:00,0,1,
2016-07-10 21:23:48.082000-04:00,0,1,
2016-07-10 21:50:39.222000-04:00,0,1,
2016-07-10 22:06:05.361000-04:00,0,1,
2016-07-10 22:37:17.172000-04:00,0,1,
2016-07-10 23:39:09.646000-04:00,1,1,
2016-07-11 00:07:35.525000-04:00,0,1,
2016-07-11 00:38:23.426000-04:00,0,1,
2016-07-11 01:06:48.040000-04:00,1,1,
2016-07-11 01:53:11.607000-04:00,1,1,
2016-07-11 02:21:45.413000-04:00,1,1,
2016-07-11 03:22:10.388000-04:00,1,1,
2016-07-11 03:36:29.389000-04:00,1,1,
2016-07-11 03:52:40.224000-04:00,1,1,
2016-07-11 04:23:40.799000-04:00,0,1,
2016-07-11 04:51:09.470000-04:00,1,1,
2016-07-11 05:54:08.338000-04:00,-1,1,
2016-07-11 06:35:36.819000-04:00,-1,1,
2016-07-11 06:54:50.545000-04:00,1,1,
2016-07-11 07:52:19.138000-04:00,1,1,
2016-07-11 08:06:25.635000-04:00,1,1,
2016-07-11 08:37:35.581000-04:00,1,1,
2016-07-11 08:51:48.188000-04:00,1,1,
2016-07-11 09:08:43.951000-04:00,0,1,
2016-07-11 09:41:59.048000-04:00,1,1,
2016-07-11 09:54:55.612000-04:00,0,1,
2016-07-11 10:09:23.041000-04:00,0,1,
2016-07-11 10:24:53.872000-04:00,0,1,
2016-07-11 10:38:39.056000-04:00,0,1,
2016-07-11 10:52:00.354000-04:00,-1,1,
2016-07-11 11:07:07.542000-04:00,0,1,
2016-07-11 11:23:56.728000-04:00,1,1,
2016-07-11 11:36:51.620000-04:00,0,1,
2016-07-11 11:53:18.476000-04:00,0,1,
2016-07-11 12:29:13.027000-04:00,1,1,
2016-07-11 12:39:05.258000-04:00,1,1,
2016-07-11 13:10:30.898000-04:00,0,1,
2016-07-11 13:30:24.667000-04:00,0,1,
2016-07-11 13:42:55.225000-04:00,0,1,
2016-07-11 14:00:24.365000-04:00,0,1,
2016-07-11 14:15:48.261000-04:00,0,1,
2016-07-11 14:42:40.136000-04:00,0,1,
2016-07-11 15:41:54.489000-04:00,0,1,
2016-07-11 16:02:37.196000-04:00,0,1,
2016-07-11 16:56:59.330000-04:00,1,1,
2016-07-11 17:11:00.574000-04:00,0,1,
2016-07-11 17:45:01.815000-04:00,1,1,
2016-07-11 18:06:30.403000-04:00,1,1,
2016-07-11 18:54:16.628000-04:00,0,1,
2016-07-11 19:21:29.700000-04:00,1,1,
2016-07-11 19:38:53.755000-04:00,1,1,
2016-07-11 19:54:25.355000-04:00,1,1,
2016-07-11 20:25:04.514000-04:00,1,1,
2016-07-11 20:37:28.289000-04:00,1,1,
2016-07-11 20:56:47.280000-04:00,1,1,
2016-07-11 22:28:07.458000-04:00,1,1,
2016-07-11 23:08:14.739000-04:00,1,1,
2016-07-11 23:11:45.739000-04:00,1,1,
2016-07-11 23:21:10.427000-04:00,1,1,
2016-07-11 23:40:02.716000-04:00,1,1,
2016-07-11 23:53:19.085000-04:00,1,1,
2016-07-12 00:15:10.210000-04:00,0,1,
2016-07-12 00:37:10.500000-04:00,0,1,
2016-07-12 00:54:30.015000-04:00,0,1,
2016-07-12 01:51:10.601000-04:00,1,1,
2016-07-12 02:07:02.597000-04:00,1,1,
2016-07-12 02:22:02.923000-04:00,0,1,
2016-07-12 02:54:36.389000-04:00,1,1,
2016-07-12 03:09:56.435000-04:00,1,1,
2016-07-12 03:36:42.196000-04:00,0,1,
2016-07-12 04:05:59.683000-04:00,0,1,
2016-07-12 04:25:43.431000-04:00,0,1,
2016-07-12 04:40:40.820000-04:00,1,1,
2016-07-12 05:38:44.417000-04:00,0,1,
2016-07-12 06:00:35.109000-04:00,0,1,
2016-07-12 06:09:10.593000-04:00,0,1,
2016-07-12 06:21:20.648000-04:00,0,1,
2016-07-12 06:51:36.567000-04:00,1,1,
2016-07-12 07:21:03.863000-04:00,0,1,
2016-07-12 07:40:02.107000-04:00,0,1,
2016-07-12 08:07:52.743000-04:00,0,1,
2016-07-12 08:38:54.685000-04:00,0,1,
2016-07-12 09:05:35.842000-04:00,1,1,
2016-07-12 09:37:17.910000-04:00,1,1,
2016-07-12 10:12:10.202000-04:00,0,1,
2016-07-12 10:30:48.442000-04:00,1,1,
2016-07-12 10:42:03.958000-04:00,1,1,
2016-07-12 11:40:31.068000-04:00,0,1,
2016-07-12 11:55:30.072000-04:00,0,1,
2016-07-12 12:15:44.354000-04:00,0,1,
2016-07-12 12:24:37.778000-04:00,1,1,
2016-07-12 12:56:57.108000-04:00,0,1,
2016-07-12 13:16:50.091000-04:00,0,1,
2016-07-12 13:30:48.853000-04:00,0,1,
2016-07-12 14:52:54.771000-04:00,1,1,
2016-07-12 15:09:11.815000-04:00,1,1,
2016-07-12 15:39:06.888000-04:00,0,1,
2016-07-12 15:51:33.977000-04:00,1,1,
2016-07-12 16:06:22.839000-04:00,1,1,
2016-07-12 16:24:37.723000-04:00,1,1,
2016-07-12 16:37:31.296000-04:00,1,1,
2016-07-12 16:51:55.805000-04:00,1,1,
2016-07-12 17:16:28.026000-04:00,1,1,
2016-07-12 17:22:31.069000-04:00,1,1,
2016-07-12 17:50:28.850000-04:00,1,1,
2016-07-12 17:58:27.254000-04:00,1,1,
2016-07-12 18:22:59.022000-04:00,0,1,
2016-07-12 18:36:47.279000-04:00,1,1,
2016-07-12 19:05:50.388000-04:00,1,1,
2016-07-12 19:37:20.072000-04:00,1,1,
2016-07-12 20:00:04.648000-04:00,1,1,
2016-07-12 20:38:40.828000-04:00,0,1,
2016-07-12 21:08:34.158000-04:00,1,1,
2016-07-12 21:26:40.013000-04:00,1,1,
2016-07-12 21:40:18.043000-04:00,1,1,
2016-07-12 21:58:15.878000-04:00,1,1,
2016-07-12 22:11:13.204000-04:00,1,1,
2016-07-12 22:37:47.893000-04:00,0,1,
2016-07-12 22:51:38.154000-04:00,1,1,
2016-07-12 23:11:36.274000-04:00,0,1,
2016-07-12 23:35:55.441000-04:00,0,1,
2016-07-13 00:08:25.760000-04:00,1,1,
2016-07-13 00:37:26.557000-04:00,1,1,
2016-07-13 00:53:45.344000-04:00,0,1,
2016-07-13 01:11:01.392000-04:00,0,1,
2016-07-13 01:39:25.180000-04:00,0,1,
2016-07-13 01:55:31.338000-04:00,0,1,
2016-07-13 02:06:36.459000-04:00,0,1,
2016-07-13 02:39:27.536000-04:00,0,1,
2016-07-13 02:54:55.583000-04:00,0,1,
2016-07-13 03:06:03.495000-04:00,0,1,
2016-07-13 03:24:32.966000-04:00,0,1,
2016-07-13 03:38:03.494000-04:00,-1,1,
2016-07-13 04:11:06.211000-04:00,0,1,
2016-07-13 04:40:25.837000-04:00,0,1,
2016-07-13 04:51:21.964000-04:00,-1,1,
2016-07-13 05:09:48.078000-04:00,0,1,
2016-07-13 05:25:44.045000-04:00,0,1,
2016-07-13 05:57:50.066000-04:00,0,1,
2016-07-13 06:14:21.545000-04:00,1,1,
2016-07-13 06:25:39.839000-04:00,1,1,
2016-07-13 07:10:31.177000-04:00,1,1,
2016-07-13 07:21:39.774000-04:00,1,1,
2016-07-13 07:39:16.521000-04:00,1,1,
2016-07-13 07:53:11.427000-04:00,1,1,
2016-07-13 08:10:00.531000-04:00,1,1,
2016-07-13 08:24:20.013000-04:00,1,1,
2016-07-13 08:38:13.889000-04:00,1,1,
2016-07-13 08:58:09.592000-04:00,1,1,
2016-07-13 09:13:22.291000-04:00,1,1,
2016-07-13 09:30:09.946000-04:00,1,1,
2016-07-13 09:40:33.851000-04:00,0,1,
2016-07-13 09:59:06.384000-04:00,-1,1,
2016-07-13 10:08:19.951000-04:00,0,1,
2016-07-13 10:42:41.508000-04:00,0,1,
2016-07-13 10:58:55.482000-04:00,0,1,
2016-07-13 11:09:08.540000-04:00,0,1,
2016-07-13 11:59:05.495000-04:00,0,1,
2016-07-13 12:09:51.321000-04:00,0,1,
2016-07-13 13:15:04.822000-04:00,0,1,
2016-07-13 13:53:43.108000-04:00,0,1,
2016-07-13 13:54:50.184000-04:00,-1,1,
2016-07-13 14:09:18.128000-04:00,0,1,
2016-07-13 14:54:22.598000-04:00,-1,1,
2016-07-13 15:25:27-04:00,0,1,
2016-07-13 15:44:14-04:00,-1,1,
2016-07-13 16:17:23.528000-04:00,0,1,
2016-07-13 16:43:37.964000-04:00,-1,1,
2016-07-13 16:58:01.524000-04:00,-1,1,
2016-07-13 17:10:23.746000-04:00,0,1,
2016-07-13 18:00:52.060000-04:00,-1,1,
2016-07-13 18:12:49.825000-04:00,0,1,
2016-07-13 19:07:25.878000-04:00,-1,1,
2016-07-13 19:37:32.336000-04:00,0,1,
2016-07-13 19:52:38.418000-04:00,0,1,
2016-07-13 20:11:39.673000-04:00,-1,1,
2016-07-13 20:26:43.407000-04:00,0,1,
2016-07-13 20:44:43.790000-04:00,0,1,
2016-07-13 21:00:20.984000-04:00,0,1,
2016-07-13 21:23:48.478000-04:00,0,1,
2016-07-13 21:37:55.435000-04:00,0,1,
2016-07-13 22:02:54.544000-04:00,-1,1,
2016-07-13 22:28:34.544000-04:00,-1,1,
2016-07-13 22:40:00.389000-04:00,-1,1,
2016-07-13 22:52:57.511000-04:00,-1,1,
2016-07-13 23:07:18.892000-04:00,-1,1,
2016-07-13 23:22:36.768000-04:00,0,1,
2016-07-14 00:40:38.171000-04:00,-1,1,
2016-07-14 01:07:50.725000-04:00,0,1,
2016-07-14 01:12:43.098000-04:00,0,1,
2016-07-14 01:58:33.356000-04:00,-1,1,
2016-07-14 02:13:08.762000-04:00,-1,1,
2016-07-14 02:37:28.670000-04:00,-1,1,
2016-07-14 02:53:47.306000-04:00,-1,1,
2016-07-14 03:10:40.554000-04:00,0,1,
2016-07-14 03:28:31.125000-04:00,-1,1,
2016-07-14 03:56:44.743000-04:00,0,1,
2016-07-14 04:09:09.906000-04:00,0,1,
2016-07-14 04:23:32.523000-04:00,-1,1,
2016-07-14 04:40:11.356000-04:00,-1,1,
2016-07-14 05:01:03.838000-04:00,-1,1,
2016-07-14 05:11:39.630000-04:00,-1,1,
2016-07-14 05:40:30.207000-04:00,0,1,
2016-07-14 05:55:17.688000-04:00,0,1,
2016-07-14 06:21:09.887000-04:00,1,1,
2016-07-14 06:28:50.090000-04:00,0,1,
2016-07-14 07:24:33.349000-04:00,0,1,
2016-07-14 07:38:16.585000-04:00,-1,1,
2016-07-14 08:13:30.770000-04:00,0,1,
2016-07-14 08:44:40.962000-04:00,-1,1,
2016-07-14 09:24:33.355000-04:00,0,1,
2016-07-14 09:38:48.526000-04:00,0,1,
2016-07-14 09:55:47.201000-04:00,0,1,
2016-07-14 10:11:20.700000-04:00,-1,1,
2016-07-14 10:39:47.597000-04:00,1,1,
2016-07-14 11:10:53.936000-04:00,0,1,
2016-07-14 11:28:20.147000-04:00,1,1,
2016-07-14 11:56:27.211000-04:00,1,1,
2016-07-14 11:59:50.301000-04:00,-1,1,
2016-07-14 12:09:36.002000-04:00,-1,1,
2016-07-14 12:24:05.463000-04:00,0,1,
2016-07-14 12:43:31.398000-04:00,-1,1,
2016-07-14 12:55:16.860000-04:00,0,1,
2016-07-14 13:10:26.164000-04:00,-1,1,
2016-07-14 13:57:37.643000-04:00,0,1,
2016-07-14 14:58:25.762000-04:00,0,1,
2016-07-14 15:54:13-04:00,0,1,
2016-07-14 17:11:41.051000-04:00,0,1,
2016-07-14 17:31:53.165000-04:00,0,1,
2016-07-14 17:53:06.266000-04:00,0,1,
2016-07-14 18:20:55.375000-04:00,0,1,
2016-07-14 18:28:15.995000-04:00,0,1,
2016-07-14 18:44:52.737000-04:00,-1,1,
2016-07-14 19:00:11.886000-04:00,0,1,
2016-07-14 19:29:22.172000-04:00,0,1,
2016-07-14 19:41:24.910000-04:00,0,1,
2016-07-14 20:28:13.516000-04:00,1,1,
2016-07-14 20:39:15.449000-04:00,1,1,
2016-07-14 21:30:10.568000-04:00,0,1,
2016-07-14 21:57:36.912000-04:00,0,1,
2016-07-14 22:07:46.706000-04:00,1,1,
2016-07-14 22:30:14.381000-04:00,1,1,
2016-07-14 22:40:54.358000-04:00,1,1,
2016-07-14 23:16:04.773000-04:00,1,1,
2016-07-15 00:38:22.479000-04:00,0,1,
2016-07-15 01:43:47.688000-04:00,0,1,
2016-07-15 02:01:13.097000-04:00,1,1,
2016-07-15 03:27:25.600000-04:00,0,1,
2016-07-15 03:58:47.108000-04:00,0,1,
2016-07-15 04:25:40.712000-04:00,0,1,
2016-07-15 05:25:27.143000-04:00,0,1,
2016-07-15 05:57:16.725000-04:00,0,1,
2016-07-15 06:55:05.705000-04:00,-1,1,
2016-07-15 07:42:05.517000-04:00,0,1,
2016-07-15 08:07:38.261000-04:00,1,1,
2016-07-15 08:24:15.878000-04:00,1,1,
2016-07-15 08:57:40.040000-04:00,0,1,
2016-07-15 08:58:20.835000-04:00,0,1,
2016-07-15 09:09:43.743000-04:00,1,1,
2016-07-15 09:39:19.106000-04:00,1,1,
2016-07-15 09:57:39.915000-04:00,1,1,
2016-07-15 10:15:02.169000-04:00,1,1,
2016-07-15 10:27:23.051000-04:00,1,1,
2016-07-15 11:15:14.634000-04:00,1,1,
2016-07-15 11:27:39.267000-04:00,1,1,
2016-07-15 12:00:56.108000-04:00,0,1,
2016-07-15 12:11:00.923000-04:00,1,1,
2016-07-15 12:29:01.349000-04:00,0,1,
2016-07-15 13:27:15.193000-04:00,1,1,
2016-07-15 13:51:53.616000-04:00,-1,1,
2016-07-15 14:25:05.212000-04:00,0,1,
2016-07-15 15:00:34.371000-04:00,1,1,
2016-07-15 15:10:19.249000-04:00,1,1,
2016-07-15 15:42:12.161000-04:00,0,1,
2016-07-15 16:27:01.570000-04:00,1,1,
2016-07-15 17:14:56.363000-04:00,1,1,
2016-07-15 17:43:23.404000-04:00,1,1,
2016-07-15 18:07:50.827000-04:00,1,1,
2016-07-15 18:43:22.570000-04:00,1,1,
2016-07-15 19:08:05.474000-04:00,1,1,
2016-07-15 19:22:06.317000-04:00,0,1,
2016-07-15 19:40:14.121000-04:00,1,1,
2016-07-15 19:55:41.570000-04:00,0,1,
2016-07-15 20:26:19.750000-04:00,0,1,
2016-07-15 20:28:52.758000-04:00,0,1,
2016-07-15 21:43:18.614000-04:00,1,1,
2016-07-15 21:59:52.119000-04:00,1,1,
2016-07-15 23:16:01.634000-04:00,1,1,
2016-07-15 23:44:50.093000-04:00,1,1,
2016-07-15 23:58:01.897000-04:00,1,1,
2016-07-16 00:31:21.019000-04:00,1,1,
2016-07-16 01:00:19.322000-04:00,1,1,
2016-07-16 02:09:18.852000-04:00,0,1,
2016-07-16 02:43:30.683000-04:00,1,1,
2016-07-16 03:41:37.023000-04:00,1,1,
2016-07-16 03:55:42.030000-04:00,1,1,
2016-07-16 04:44:24.404000-04:00,1,1,
2016-07-16 04:45:43.005000-04:00,1,1,
2016-07-16 04:57:25.215000-04:00,1,1,
2016-07-16 05:20:36.440000-04:00,1,1,
2016-07-16 06:24:33.286000-04:00,1,1,
2016-07-16 06:58:17.327000-04:00,1,1,
2016-07-16 07:33:09.413000-04:00,1,1,
2016-07-16 07:57:39.263000-04:00,1,1,
2016-07-16 08:22:25.634000-04:00,1,1,
2016-07-16 08:50:24.392000-04:00,1,1,
2016-07-16 08:56:16.358000-04:00,1,1,
2016-07-16 09:12:27.385000-04:00,1,1,
2016-07-16 09:29:10.895000-04:00,0,1,
2016-07-16 09:42:11.159000-04:00,1,1,
2016-07-16 09:57:47.552000-04:00,1,1,
2016-07-16 10:26:56.172000-04:00,1,1,
2016-07-16 10:42:43.585000-04:00,1,1,
2016-07-16 11:11:09.127000-04:00,0,1,
2016-07-16 11:14:50.956000-04:00,1,1,
2016-07-16 12:08:36.783000-04:00,1,1,
2016-07-16 12:14:25.622000-04:00,1,1,
2016-07-16 12:24:53.595000-04:00,1,1,
2016-07-16 13:04:09.087000-04:00,0,1,
2016-07-16 13:38:06.098000-04:00,1,1,
2016-07-16 13:56:00.766000-04:00,1,1,
2016-07-16 15:31:32.018000-04:00,1,1,
2016-07-16 16:09:22.141000-04:00,1,1,
2016-07-16 16:40:57.582000-04:00,1,1,
2016-07-16 16:55:35.830000-04:00,1,1,
2016-07-16 17:27:30.109000-04:00,1,1,
2016-07-16 17:31:54.499000-04:00,1,1,
2016-07-16 17:46:08.513000-04:00,0,1,
2016-07-16 18:13:04.139000-04:00,1,1,
2016-07-16 18:45:57.011000-04:00,1,1,
2016-07-16 19:38:46.294000-04:00,1,1,
2016-07-16 20:26:00.939000-04:00,1,1,
2016-07-16 20:41:07.145000-04:00,0,1,
2016-07-16 20:52:53.372000-04:00,1,1,
2016-07-16 21:14:56.622000-04:00,0,1,
2016-07-16 21:30:22.771000-04:00,1,1,
2016-07-16 21:55:29.291000-04:00,1,1,
2016-07-16 22:38:03.615000-04:00,1,1,
2016-07-16 22:43:53.011000-04:00,1,1,
2016-07-16 22:59:37.599000-04:00,1,1,
2016-07-16 23:14:33.155000-04:00,1,1,
2016-07-16 23:41:21.942000-04:00,1,1,
2016-07-16 23:58:06.702000-04:00,1,1,
2016-07-17 00:15:35.900000-04:00,1,1,
2016-07-17 00:31:46.567000-04:00,1,1,
2016-07-17 01:12:28.277000-04:00,1,1,
2016-07-17 01:37:41.667000-04:00,1,1,
2016-07-17 02:43:56.331000-04:00,1,1,
2016-07-17 03:10:10.550000-04:00,1,1,
2016-07-17 03:36:31.998000-04:00,1,1,
2016-07-17 04:12:57.794000-04:00,1,1,
2016-07-17 04:39:49.897000-04:00,0,1,
2016-07-17 04:52:29.499000-04:00,1,1,
2016-07-17 05:09:44.733000-04:00,0,1,
2016-07-17 05:38:30.237000-04:00,1,1,
2016-07-17 06:26:22.522000-04:00,1,1,
2016-07-17 06:42:33.181000-04:00,1,1,
2016-07-17 06:57:04.742000-04:00,1,1,
2016-07-17 07:16:00.197000-04:00,1,1,
2016-07-17 07:30:36.382000-04:00,0,1,
2016-07-17 08:01:14.935000-04:00,1,1,
2016-07-17 08:11:41.984000-04:00,1,1,
2016-07-17 08:40:11.085000-04:00,1,1,
2016-07-17 08:52:21.240000-04:00,1,1,
2016-07-17 09:28:42.078000-04:00,1,1,
2016-07-17 09:42:49.245000-04:00,1,1,
2016-07-17 10:11:58.540000-04:00,1,1,
2016-07-17 10:51:14.659000-04:00,1,1,
2016-07-17 11:27:05.389000-04:00,1,1,
2016-07-17 11:39:08.177000-04:00,1,1,
2016-07-17 12:13:49.417000-04:00,0,1,
2016-07-17 12:42:11.594000-04:00,1,1,
2016-07-17 13:42:50.020000-04:00,1,1,
2016-07-17 13:58:44.926000-04:00,1,1,
2016-07-17 14:28:44.934000-04:00,1,1,
2016-07-17 15:10:23.378000-04:00,1,1,
2016-07-17 15:29:44.441000-04:00,1,1,
2016-07-17 15:42:54.941000-04:00,1,1,
2016-07-17 17:11:22.170000-04:00,1,1,
2016-07-17 17:42:28.763000-04:00,1,1,
2016-07-17 18:40:19.694000-04:00,0,1,
2016-07-17 19:13:53.636000-04:00,1,1,
2016-07-17 19:15:21.100000-04:00,1,1,
2016-07-17 20:00:39.334000-04:00,1,1,
2016-07-17 20:37:51.492000-04:00,1,1,
2016-07-17 20:52:53.476000-04:00,1,1,
2016-07-17 21:40:54.538000-04:00,1,1,
2016-07-17 21:59:01.077000-04:00,1,1,
2016-07-17 22:11:34.586000-04:00,0,1,
2016-07-17 22:26:16.843000-04:00,1,1,
2016-07-17 23:27:04.820000-04:00,1,1,
2016-07-18 00:00:13.681000-04:00,0,1,
2016-07-18 00:12:35.348000-04:00,1,1,
2016-07-18 00:37:55.001000-04:00,1,1,
2016-07-18 01:24:27.557000-04:00,1,1,
2016-07-18 01:44:41.281000-04:00,0,1,
2016-07-18 01:56:44.376000-04:00,0,1,
2016-07-18 02:08:55.702000-04:00,0,1,
2016-07-18 02:26:40.529000-04:00,1,1,
2016-07-18 02:56:30.281000-04:00,1,1,
2016-07-18 03:27:32.390000-04:00,1,1,
2016-07-18 03:27:58.093000-04:00,1,1,
2016-07-18 03:42:27.035000-04:00,1,1,
2016-07-18 04:13:16.372000-04:00,1,1,
2016-07-18 04:27:57.754000-04:00,1,1,
2016-07-18 05:44:06.526000-04:00,1,1,
2016-07-18 06:24:14.733000-04:00,0,1,
2016-07-18 06:44:32.975000-04:00,-1,1,
2016-07-18 06:56:03.901000-04:00,0,1,
2016-07-18 07:09:12.450000-04:00,-1,1,
2016-07-18 07:57:39.165000-04:00,1,1,
2016-07-18 08:43:57.059000-04:00,0,1,
2016-07-18 08:57:39.622000-04:00,0,1,
2016-07-18 09:15:18.418000-04:00,-1,1,
2016-07-18 09:24:12.626000-04:00,-1,1,
2016-07-18 09:43:59.602000-04:00,-1,1,
2016-07-18 10:15:25.388000-04:00,-1,1,
2016-07-18 10:59:20.797000-04:00,0,1,
2016-07-18 11:11:39.421000-04:00,0,1,
2016-07-18 11:40:13.097000-04:00,1,1,
2016-07-18 11:56:00.914000-04:00,1,1,
2016-07-18 12:10:49.933000-04:00,1,1,
2016-07-18 12:43:11.546000-04:00,0,1,
2016-07-18 12:58:24.761000-04:00,1,1,
2016-07-18 13:10:30.077000-04:00,1,1,
2016-07-18 13:30:21.852000-04:00,-1,1,
2016-07-18 14:12:26.953000-04:00,0,1,
2016-07-18 14:41:41.648000-04:00,0,1,
2016-07-18 15:09:39.858000-04:00,0,1,
2016-07-18 15:12:09.724000-04:00,-1,1,
2016-07-18 15:30:43.237000-04:00,-1,1,
2016-07-18 16:13:27.405000-04:00,0,1,
2016-07-18 16:27:21.720000-04:00,0,1,
2016-07-18 16:46:10.659000-04:00,0,1,
2016-07-18 17:27:56.849000-04:00,0,1,
2016-07-18 17:42:22.689000-04:00,0,1,
2016-07-18 18:11:31.245000-04:00,0,1,
2016-07-18 18:26:15.800000-04:00,0,1,
2016-07-18 18:45:02.887000-04:00,0,1,
2016-07-18 20:27:33.353000-04:00,-1,1,
2016-07-18 21:00:29.468000-04:00,0,1,
2016-07-18 21:10:34.875000-04:00,0,1,
2016-07-18 21:58:39.862000-04:00,0,1,
2016-07-18 22:10:34.026000-04:00,0,1,
2016-07-18 22:59:47.972000-04:00,0,1,
2016-07-18 23:45:24.703000-04:00,-1,1,
2016-07-19 00:54:06.760000-04:00,1,1,
2016-07-19 01:53:33.813000-04:00,1,1,
2016-07-19 02:13:19.675000-04:00,0,1,
2016-07-19 02:40:16.686000-04:00,0,1,
2016-07-19 02:51:31.104000-04:00,0,1,
2016-07-19 03:12:12.939000-04:00,0,1,
2016-07-19 03:51:36.077000-04:00,-1,1,
2016-07-19 04:09:09.235000-04:00,0,1,
2016-07-19 04:48:05.459000-04:00,0,1,
2016-07-19 05:09:59.409000-04:00,0,1,
2016-07-19 05:47:42.027000-04:00,-1,1,
2016-07-19 06:29:29.455000-04:00,1,1,
2016-07-19 06:52:15.040000-04:00,1,1,
2016-07-19 07:12:27.913000-04:00,1,1,
2016-07-19 07:49:29.583000-04:00,1,1,
2016-07-19 08:14:14.220000-04:00,0,1,
2016-07-19 08:28:25.453000-04:00,1,1,
2016-07-19 08:53:55.402000-04:00,1,1,
2016-07-19 09:10:48.971000-04:00,1,1,
2016-07-19 09:32:15.274000-04:00,1,1,
2016-07-19 09:48:07.629000-04:00,1,1,
2016-07-19 10:31:38.685000-04:00,1,1,
2016-07-19 10:51:04.910000-04:00,1,1,
2016-07-19 11:10:45.657000-04:00,1,1,
2016-07-19 11:27:57.201000-04:00,1,1,
2016-07-19 11:53:44.286000-04:00,0,1,
2016-07-19 12:07:32.738000-04:00,1,1,
2016-07-19 12:29:32.284000-04:00,1,1,
2016-07-19 12:50:51.469000-04:00,1,1,
2016-07-19 13:11:40.384000-04:00,1,1,
2016-07-19 13:51:33.579000-04:00,1,1,
2016-07-19 14:09:13.801000-04:00,1,1,
2016-07-19 14:29:34.722000-04:00,1,1,
2016-07-19 14:53:26.186000-04:00,-1,1,
2016-07-19 15:09:30.159000-04:00,1,1,
2016-07-19 15:32:47.026000-04:00,1,1,
2016-07-19 16:09:39.668000-04:00,1,1,
2016-07-19 16:29:31.957000-04:00,1,1,
2016-07-19 17:11:30.012000-04:00,1,1,
2016-07-19 17:34:24.177000-04:00,1,1,
2016-07-19 17:48:50.518000-04:00,1,1,
2016-07-19 18:28:29.600000-04:00,1,1,
2016-07-19 18:49:38.898000-04:00,0,1,
2016-07-19 19:10:21.483000-04:00,0,1,
2016-07-19 19:51:13.737000-04:00,1,1,
2016-07-19 20:12:15.043000-04:00,1,1,
2016-07-19 20:31:37.708000-04:00,1,1,
2016-07-19 20:51:44.823000-04:00,1,1,
2016-07-19 21:31:04.006000-04:00,1,1,
2016-07-19 21:52:09.247000-04:00,1,1,
2016-07-19 22:11:01.482000-04:00,0,1,
2016-07-19 22:32:02.772000-04:00,1,1,
2016-07-19 22:51:07.804000-04:00,1,1,
2016-07-19 23:09:49.310000-04:00,1,1,
2016-07-19 23:32:11.090000-04:00,1,1,
2016-07-19 23:47:38.599000-04:00,1,1,
2016-07-20 00:13:04.836000-04:00,1,1,
2016-07-20 00:29:48.155000-04:00,1,1,
2016-07-20 00:51:22.821000-04:00,1,1,
2016-07-20 01:10:49.934000-04:00,1,1,
2016-07-20 01:34:54.520000-04:00,0,1,
2016-07-20 01:50:04.034000-04:00,1,1,
2016-07-20 02:10:17.840000-04:00,1,1,
2016-07-20 02:50:58.866000-04:00,1,1,
2016-07-20 03:11:45.023000-04:00,1,1,
2016-07-20 03:51:37.636000-04:00,1,1,
2016-07-20 04:10:19.547000-04:00,1,1,
2016-07-20 04:47:22.963000-04:00,1,1,
2016-07-20 05:28:49.216000-04:00,0,1,
2016-07-20 05:54:32.891000-04:00,1,1,
2016-07-20 06:08:12.753000-04:00,1,1,
2016-07-20 06:52:53.806000-04:00,1,1,
2016-07-20 07:08:09.305000-04:00,1,1,
2016-07-20 07:29:39.819000-04:00,0,1,
2016-07-20 08:10:39.063000-04:00,1,1,
2016-07-20 08:30:22.990000-04:00,-1,1,
2016-07-20 08:49:45.713000-04:00,-1,1,
2016-07-20 09:11:18.261000-04:00,-1,1,
2016-07-20 09:29:13.620000-04:00,0,1,
2016-07-20 09:51:02.106000-04:00,-1,1,
2016-07-20 10:11:08.650000-04:00,-1,1,
2016-07-20 10:30:12.417000-04:00,1,1,
2016-07-20 10:52:06.553000-04:00,1,1,
2016-07-20 11:09:06.386000-04:00,1,1,
2016-07-20 11:30:41.969000-04:00,0,1,
2016-07-20 12:07:10.037000-04:00,1,1,
2016-07-20 12:31:26.676000-04:00,1,1,
2016-07-20 12:48:42.792000-04:00,1,1,
2016-07-20 13:12:14.971000-04:00,1,1,
2016-07-20 13:51:37.190000-04:00,1,1,
2016-07-20 14:11:47.378000-04:00,1,1,
2016-07-20 14:30:18.312000-04:00,0,1,
2016-07-20 14:51:00.347000-04:00,1,1,
2016-07-20 15:14:07.189000-04:00,1,1,
2016-07-20 15:50:16.987000-04:00,1,1,
2016-07-20 16:11:49.276000-04:00,1,1,
2016-07-20 16:29:10.131000-04:00,1,1,
2016-07-20 16:51:39.088000-04:00,1,1,
2016-07-20 17:08:11.337000-04:00,0,1,
2016-07-20 17:30:37.482000-04:00,1,1,
2016-07-20 18:10:29.848000-04:00,1,1,
2016-07-20 18:31:58.960000-04:00,1,1,
2016-07-20 18:48:15.962000-04:00,1,1,
2016-07-20 19:07:39.600000-04:00,1,1,
2016-07-20 19:31:48.094000-04:00,1,1,
2016-07-20 20:09:22.401000-04:00,1,1,
2016-07-20 20:31:26.901000-04:00,1,1,
2016-07-20 20:50:21.939000-04:00,1,1,
2016-07-20 21:30:22.891000-04:00,1,1,
2016-07-20 21:52:51.339000-04:00,1,1,
2016-07-20 22:32:01.344000-04:00,1,1,
2016-07-20 23:02:35.276000-04:00,1,1,
2016-07-20 23:28:23.721000-04:00,1,1,
2016-07-20 23:51:22.705000-04:00,1,1,
2016-07-21 00:14:24.307000-04:00,1,1,
2016-07-21 00:53:28.210000-04:00,1,1,
2016-07-21 01:09:55.245000-04:00,1,1,
2016-07-21 01:48:35.410000-04:00,1,1,
2016-07-21 02:13:37.514000-04:00,1,1,
2016-07-21 02:51:42.223000-04:00,1,1,
2016-07-21 03:10:40.252000-04:00,1,1,
2016-07-21 03:32:43.043000-04:00,1,1,
2016-07-21 03:48:13.108000-04:00,1,1,
2016-07-21 04:15:10.509000-04:00,1,1,
2016-07-21 04:32:30.286000-04:00,1,1,
2016-07-21 04:52:06.934000-04:00,-1,1,
2016-07-21 05:12:25.636000-04:00,-1,1,
2016-07-21 05:31:08.956000-04:00,0,1,
2016-07-21 05:49:01.633000-04:00,-1,1,
2016-07-21 06:11:21.564000-04:00,0,1,
2016-07-21 06:28:11.013000-04:00,-1,1,
2016-07-21 06:50:18.445000-04:00,-1,1,
2016-07-21 07:14:32.973000-04:00,-1,1,
2016-07-21 07:49:50.439000-04:00,1,1,
2016-07-21 08:13:06.732000-04:00,1,1,
2016-07-21 08:29:40.494000-04:00,1,1,
2016-07-21 08:54:37.567000-04:00,1,1,
2016-07-21 09:09:21.666000-04:00,1,1,
2016-07-21 09:51:25.699000-04:00,1,1,
2016-07-21 10:16:40.055000-04:00,-1,1,
2016-07-21 10:30:32.465000-04:00,1,1,
2016-07-21 10:56:34.755000-04:00,1,1,
2016-07-21 11:31:52.432000-04:00,1,1,
2016-07-21 11:48:51.097000-04:00,1,1,
2016-07-21 12:30:57.945000-04:00,1,1,
2016-07-21 12:50:01.661000-04:00,1,1,
2016-07-21 13:13:50.471000-04:00,1,1,
2016-07-21 13:29:40.743000-04:00,0,1,
2016-07-21 13:54:24.507000-04:00,1,1,
2016-07-21 14:14:42.255000-04:00,0,1,
2016-07-21 14:30:27.679000-04:00,1,1,
2016-07-21 15:08:55.551000-04:00,1,1,
2016-07-21 15:32:26.615000-04:00,1,1,
2016-07-21 15:54:16.917000-04:00,1,1,
2016-07-21 16:12:25.502000-04:00,1,1,
2016-07-21 16:51:36.693000-04:00,1,1,
2016-07-21 17:10:03.528000-04:00,1,1,
2016-07-21 17:28:58.273000-04:00,1,1,
2016-07-21 17:50:24.019000-04:00,1,1,
2016-07-21 18:11:10.557000-04:00,1,1,
2016-07-21 18:29:33.073000-04:00,1,1,
2016-07-21 18:52:18.330000-04:00,1,1,
2016-07-21 19:13:27.468000-04:00,1,1,
2016-07-21 19:29:27.499000-04:00,1,1,
2016-07-21 19:52:16.275000-04:00,1,1,
2016-07-21 20:11:32.175000-04:00,1,1,
2016-07-21 20:31:10.556000-04:00,-1,1,
2016-07-21 20:51:52.634000-04:00,0,1,
2016-07-21 21:08:33.035000-04:00,0,1,
2016-07-21 21:50:09.331000-04:00,1,1,
2016-07-21 22:12:09.842000-04:00,1,1,
2016-07-21 22:49:45.437000-04:00,1,1,
2016-07-21 23:10:23.131000-04:00,1,1,
2016-07-21 23:29:37.622000-04:00,1,1,
2016-07-21 23:53:59.039000-04:00,0,1,
2016-07-22 00:12:23.235000-04:00,0,1,
2016-07-22 00:54:23.590000-04:00,1,1,
2016-07-22 01:10:39.969000-04:00,0,1,
2016-07-22 01:49:13.008000-04:00,1,1,
2016-07-22 02:12:07.081000-04:00,1,1,
2016-07-22 02:30:24.992000-04:00,0,1,
2016-07-22 02:48:59.206000-04:00,1,1,
2016-07-22 03:30:32.902000-04:00,-1,1,
2016-07-22 03:55:42.629000-04:00,-1,1,
2016-07-22 04:08:40.408000-04:00,-1,1,
2016-07-22 04:52:13.844000-04:00,-1,1,
2016-07-22 05:09:30.982000-04:00,1,1,
2016-07-22 05:34:59.139000-04:00,1,1,
2016-07-22 06:11:50.039000-04:00,0,1,
2016-07-22 06:28:39.051000-04:00,1,1,
2016-07-22 06:52:53.835000-04:00,0,1,
2016-07-22 07:08:59.884000-04:00,1,1,
2016-07-22 07:59:02.796000-04:00,1,1,
2016-07-22 08:30:38.983000-04:00,1,1,
2016-07-22 08:51:54.280000-04:00,1,1,
2016-07-22 09:32:01.873000-04:00,0,1,
2016-07-22 09:52:51.078000-04:00,1,1,
2016-07-22 10:29:00.517000-04:00,-1,1,
2016-07-22 10:49:04.790000-04:00,0,1,
2016-07-22 11:14:13.334000-04:00,1,1,
2016-07-22 11:48:18.248000-04:00,1,1,
2016-07-22 12:33:35.078000-04:00,0,1,
2016-07-22 12:52:40.991000-04:00,1,1,
2016-07-22 13:12:17.735000-04:00,1,1,
2016-07-22 13:31:08.040000-04:00,1,1,
2016-07-22 13:52:20.656000-04:00,1,1,
2016-07-22 14:09:17.523000-04:00,1,1,
2016-07-22 14:52:52.804000-04:00,0,1,
2016-07-22 15:33:36.482000-04:00,-1,1,
2016-07-22 15:50:23.169000-04:00,-1,1,
2016-07-22 16:11:19.296000-04:00,0,1,
2016-07-22 16:52:26.618000-04:00,-1,1,
2016-07-22 17:11:17.348000-04:00,0,1,
2016-07-22 17:31:33.915000-04:00,-1,1,
2016-07-22 17:54:08.295000-04:00,-1,1,
2016-07-22 18:08:25.629000-04:00,-1,1,
2016-07-22 18:49:07.842000-04:00,-1,1,
2016-07-22 19:09:57.196000-04:00,0,1,
2016-07-22 19:51:30.103000-04:00,-1,1,
2016-07-22 20:32:25.011000-04:00,0,1,
2016-07-22 20:49:45.568000-04:00,-1,1,
2016-07-22 21:30:55.752000-04:00,-1,1,
2016-07-22 21:54:45.142000-04:00,-1,1,
2016-07-22 22:08:41.610000-04:00,-1,1,
2016-07-22 22:50:44.346000-04:00,-1,1,
2016-07-22 23:12:02.386000-04:00,0,1,
2016-07-22 23:51:54.608000-04:00,-1,1,
2016-07-23 00:11:18.535000-04:00,-1,1,
2016-07-23 00:33:14.040000-04:00,-1,1,
2016-07-23 00:48:32.206000-04:00,-1,1,
2016-07-23 01:11:16.791000-04:00,-1,1,
2016-07-23 01:50:08.773000-04:00,-1,1,
2016-07-23 02:08:37.037000-04:00,-1,1,
2016-07-23 02:30:15.542000-04:00,-1,1,
2016-07-23 02:51:12.055000-04:00,-1,1,
2016-07-23 03:35:13.344000-04:00,0,1,
2016-07-23 03:51:23.982000-04:00,-1,1,
2016-07-23 04:28:10.079000-04:00,0,1,
2016-07-23 04:50:23.522000-04:00,-1,1,
2016-07-23 05:12:55.908000-04:00,0,1,
2016-07-23 05:50:06.882000-04:00,0,1,
2016-07-23 06:29:15.573000-04:00,-1,1,
2016-07-23 06:50:45.850000-04:00,0,1,
2016-07-23 07:32:00.781000-04:00,0,1,
2016-07-23 07:52:29.320000-04:00,-1,1,
2016-07-23 08:08:16.463000-04:00,-1,1,
2016-07-23 08:51:21.500000-04:00,0,1,
2016-07-23 09:14:47.109000-04:00,0,1,
2016-07-23 09:28:37.897000-04:00,-1,1,
2016-07-23 10:09:48.817000-04:00,-1,1,
2016-07-23 10:28:51.978000-04:00,-1,1,
2016-07-23 11:11:52.160000-04:00,0,1,
2016-07-23 11:36:20.051000-04:00,-1,1,
2016-07-23 11:52:51.134000-04:00,0,1,
2016-07-23 12:13:05.200000-04:00,-1,1,
2016-07-23 12:49:47.814000-04:00,0,1,
2016-07-23 13:10:41.842000-04:00,0,1,
2016-07-23 13:50:59.112000-04:00,0,1,
2016-07-23 14:30:18.835000-04:00,-1,1,
2016-07-23 14:54:12.902000-04:00,0,1,
2016-07-23 15:11:08.360000-04:00,-1,1,
2016-07-23 15:48:25.553000-04:00,-1,1,
2016-07-23 16:12:23.988000-04:00,-1,1,
2016-07-23 16:48:42.976000-04:00,-1,1,
2016-07-23 17:32:12.440000-04:00,-1,1,
2016-07-23 17:54:37.594000-04:00,-1,1,
2016-07-23 18:10:24.195000-04:00,-1,1,
2016-07-23 18:51:29.969000-04:00,0,1,
2016-07-23 19:29:07.682000-04:00,-1,1,
2016-07-23 19:48:37.231000-04:00,-1,1,
2016-07-23 20:10:03.081000-04:00,-1,1,
2016-07-23 20:53:44.711000-04:00,-1,1,
2016-07-23 21:34:02.445000-04:00,-1,1,
2016-07-23 21:49:13.702000-04:00,0,1,
2016-07-23 22:32:37.613000-04:00,0,1,
2016-07-23 22:51:33.791000-04:00,0,1,
2016-07-23 23:32:18.176000-04:00,0,1,
2016-07-23 23:49:38.563000-04:00,-1,1,
2016-07-24 00:15:23.786000-04:00,-1,1,
2016-07-24 00:53:06.681000-04:00,-1,1,
2016-07-24 01:13:45.230000-04:00,0,1,
2016-07-24 01:37:59.764000-04:00,-1,1,
2016-07-24 01:49:20.575000-04:00,-1,1,
2016-07-24 02:29:44.889000-04:00,-1,1,
2016-07-24 02:53:15.801000-04:00,0,1,
2016-07-24 03:32:42.098000-04:00,0,1,
2016-07-24 03:48:07.311000-04:00,-1,1,
2016-07-24 04:33:04.607000-04:00,-1,1,
2016-07-24 04:55:01.748000-04:00,0,1,
2016-07-24 05:31:30.993000-04:00,-1,1,
2016-07-24 05:53:24.975000-04:00,0,1,
2016-07-24 06:09:35.456000-04:00,0,1,
2016-07-24 06:50:43.855000-04:00,-1,1,
2016-07-24 07:32:12.202000-04:00,0,1,
2016-07-24 08:33:41.950000-04:00,0,1,
2016-07-24 09:14:03.562000-04:00,-1,1,
2016-07-24 09:27:47.901000-04:00,0,1,
2016-07-24 09:49:59.884000-04:00,-1,1,
2016-07-24 10:32:16.135000-04:00,0,1,
2016-07-24 10:51:27.519000-04:00,-1,1,
2016-07-24 11:11:18.643000-04:00,0,1,
2016-07-24 11:51:36.588000-04:00,0,1,
2016-07-24 12:11:50.601000-04:00,0,1,
2016-07-24 12:28:40.714000-04:00,-1,1,
2016-07-24 13:09:59.572000-04:00,0,1,
2016-07-24 13:50:39.221000-04:00,0,1,
2016-07-24 14:11:07.264000-04:00,0,1,
2016-07-24 14:33:12.934000-04:00,0,1,
2016-07-24 14:51:42.710000-04:00,-1,1,
2016-07-24 15:10:31.027000-04:00,-1,1,
2016-07-24 15:48:42.775000-04:00,0,1,
2016-07-24 16:08:22.918000-04:00,0,1,
2016-07-24 16:51:41.144000-04:00,0,1,
2016-07-24 17:33:26.459000-04:00,0,1,
2016-07-24 17:52:42.984000-04:00,-1,1,
2016-07-24 18:33:55.172000-04:00,-1,1,
2016-07-24 18:52:06.194000-04:00,0,1,
2016-07-24 19:08:02.225000-04:00,-1,1,
2016-07-24 19:31:07.382000-04:00,-1,1,
2016-07-24 19:53:15.514000-04:00,-1,1,
2016-07-24 20:33:37.619000-04:00,0,1,
2016-07-24 20:53:16.186000-04:00,0,1,
2016-07-24 21:10:44.620000-04:00,0,1,
2016-07-24 21:50:17.508000-04:00,0,1,
2016-07-24 22:28:50.975000-04:00,0,1,
2016-07-24 22:48:07.825000-04:00,0,1,
2016-07-24 23:33:16.326000-04:00,0,1,
2016-07-24 23:52:43.511000-04:00,0,1,
2016-07-25 00:09:43.921000-04:00,0,1,
2016-07-25 00:34:21.276000-04:00,0,1,
2016-07-25 00:49:07.686000-04:00,0,1,
2016-07-25 01:12:49.937000-04:00,0,1,
2016-07-25 01:33:02.537000-04:00,0,1,
2016-07-25 01:52:23.215000-04:00,0,1,
2016-07-25 02:09:08.347000-04:00,0,1,
2016-07-25 02:49:21.819000-04:00,0,1,
2016-07-25 03:13:23.753000-04:00,0,1,
2016-07-25 03:52:05.181000-04:00,1,1,
2016-07-25 04:28:42.436000-04:00,0,1,
2016-07-25 04:51:33.637000-04:00,1,1,
2016-07-25 05:32:20.645000-04:00,0,1,
2016-07-25 05:49:01.298000-04:00,0,1,
2016-07-25 06:10:26.293000-04:00,1,1,
2016-07-25 06:49:17.401000-04:00,1,1,
2016-07-25 07:34:15.555000-04:00,0,1,
2016-07-25 07:53:12.005000-04:00,0,1,
2016-07-25 08:28:09.566000-04:00,0,1,
2016-07-25 08:51:26.031000-04:00,0,1,
2016-07-25 09:28:21.297000-04:00,0,1,
2016-07-25 09:52:24.144000-04:00,0,1,
2016-07-25 10:28:55.859000-04:00,0,1,
2016-07-25 10:53:46.848000-04:00,0,1,
2016-07-25 11:32:33.314000-04:00,0,1,
2016-07-25 11:51:50.389000-04:00,0,1,
2016-07-25 12:09:11.030000-04:00,0,1,
2016-07-25 12:49:35.124000-04:00,0,1,
2016-07-25 13:07:58.407000-04:00,0,1,
2016-07-25 13:28:49.089000-04:00,0,1,
2016-07-25 13:50:06.590000-04:00,0,1,
2016-07-25 14:33:25.467000-04:00,0,1,
2016-07-25 14:55:35.841000-04:00,0,1,
2016-07-25 15:30:20.696000-04:00,0,1,
2016-07-25 15:57:28.436000-04:00,0,1,
2016-07-25 16:51:21.401000-04:00,0,1,
2016-07-25 17:28:31.055000-04:00,0,1,
2016-07-25 17:50:44.236000-04:00,0,1,
2016-07-25 18:33:17.370000-04:00,0,1,
2016-07-25 18:52:16.074000-04:00,0,1,
2016-07-25 19:12:23.603000-04:00,0,1,
2016-07-25 19:53:28.337000-04:00,0,1,
2016-07-25 20:12:27.222000-04:00,0,1,
2016-07-25 20:29:42.853000-04:00,0,1,
2016-07-25 20:53:33.282000-04:00,1,1,
2016-07-25 21:27:33.250000-04:00,1,1,
2016-07-25 21:48:53.682000-04:00,0,1,
2016-07-25 22:32:57.434000-04:00,1,1,
2016-07-25 22:56:15.101000-04:00,0,1,
2016-07-25 23:24:31.480000-04:00,0,1,
2016-07-25 23:50:20.463000-04:00,0,1,
2016-07-26 00:10:10.487000-04:00,0,1,
2016-07-26 00:33:03.339000-04:00,0,1,
2016-07-26 01:13:33.371000-04:00,0,1,
2016-07-26 01:31:29.674000-04:00,0,1,
2016-07-26 01:51:39.752000-04:00,0,1,
2016-07-26 02:10:17.034000-04:00,0,1,
2016-07-26 02:49:01.649000-04:00,0,1,
2016-07-26 03:12:58.211000-04:00,0,1,
2016-07-26 03:52:18.045000-04:00,0,1,
2016-07-26 04:12:05.545000-04:00,0,1,
2016-07-26 04:48:51.315000-04:00,0,1,
2016-07-26 05:11:52.080000-04:00,0,1,
2016-07-26 05:32:51.309000-04:00,0,1,
2016-07-26 05:49:06.252000-04:00,0,1,
2016-07-26 06:30:06.096000-04:00,1,1,
2016-07-26 06:50:36.895000-04:00,0,1,
2016-07-26 07:32:08.577000-04:00,0,1,
2016-07-26 07:52:19.772000-04:00,1,1,
2016-07-26 08:10:52.259000-04:00,1,1,
2016-07-26 08:52:46.136000-04:00,1,1,
2016-07-26 09:13:19.158000-04:00,1,1,
2016-07-26 09:53:18.801000-04:00,0,1,
2016-07-26 10:09:41.916000-04:00,0,1,
2016-07-26 10:28:09.451000-04:00,0,1,
2016-07-26 11:10:28.267000-04:00,1,1,
2016-07-26 11:29:45.721000-04:00,1,1,
2016-07-26 11:52:51.932000-04:00,1,1,
2016-07-26 12:13:32.498000-04:00,1,1,
2016-07-26 12:36:12.224000-04:00,1,1,
2016-07-26 12:52:08.092000-04:00,1,1,
2016-07-26 13:49:36.743000-04:00,1,1,
2016-07-26 14:20:53.406000-04:00,1,1,
2016-07-26 15:21:00.504000-04:00,1,1,
2016-07-26 15:38:33.226000-04:00,1,1,
2016-07-26 15:59:56.479000-04:00,1,1,
2016-07-26 16:35:09.349000-04:00,1,1,
2016-07-26 16:56:00.197000-04:00,1,1,
2016-07-26 17:13:01.980000-04:00,1,1,
2016-07-26 17:56:22.316000-04:00,1,1,
2016-07-26 18:20:34.356000-04:00,1,1,
2016-07-26 18:37:54.395000-04:00,1,1,
2016-07-26 18:56:09.791000-04:00,1,1,
2016-07-26 19:21:14.760000-04:00,0,1,
2016-07-26 19:32:24.177000-04:00,1,1,
2016-07-26 20:20:08.232000-04:00,0,1,
2016-07-26 20:30:35.848000-04:00,1,1,
2016-07-26 21:21:42.477000-04:00,1,1,
2016-07-26 21:29:42.939000-04:00,1,1,
2016-07-26 22:15:16.449000-04:00,1,1,
2016-07-26 23:32:12.064000-04:00,1,1,
2016-07-26 23:59:14.030000-04:00,1,1,
2016-07-27 00:16:33.894000-04:00,1,1,
2016-07-27 00:38:50.568000-04:00,1,1,
2016-07-27 01:09:30.059000-04:00,1,1,
2016-07-27 01:33:21.171000-04:00,1,1,
2016-07-27 01:51:26.717000-04:00,1,1,
2016-07-27 02:31:59.688000-04:00,1,1,
2016-07-27 02:51:25.083000-04:00,0,1,
2016-07-27 03:33:16.448000-04:00,0,1,
2016-07-27 03:48:54.571000-04:00,1,1,
2016-07-27 04:33:22.203000-04:00,0,1,
2016-07-27 04:50:26.287000-04:00,0,1,
2016-07-27 05:11:14.159000-04:00,0,1,
2016-07-27 05:33:45.466000-04:00,0,1,
2016-07-27 05:49:49.658000-04:00,0,1,
2016-07-27 06:09:07.967000-04:00,0,1,
2016-07-27 06:49:13.738000-04:00,0,1,
2016-07-27 07:12:15.323000-04:00,0,1,
2016-07-27 07:30:11.520000-04:00,0,1,
2016-07-27 07:53:28.186000-04:00,0,1,
2016-07-27 08:12:21.619000-04:00,0,1,
2016-07-27 08:54:00.238000-04:00,0,1,
2016-07-27 09:10:45.032000-04:00,0,1,
2016-07-27 09:33:28.488000-04:00,0,1,
2016-07-27 09:48:06.701000-04:00,0,1,
2016-07-27 10:16:10.191000-04:00,0,1,
2016-07-27 10:51:00.611000-04:00,0,1,
2016-07-27 11:11:21.735000-04:00,0,1,
2016-07-27 11:50:22.881000-04:00,0,1,
2016-07-27 12:11:00.744000-04:00,0,1,
2016-07-27 12:47:50.152000-04:00,0,1,
2016-07-27 13:12:02.094000-04:00,0,1,
2016-07-27 13:51:23.213000-04:00,0,1,
2016-07-27 14:15:59.195000-04:00,0,1,
2016-07-27 14:51:10.441000-04:00,0,1,
2016-07-27 15:32:36.242000-04:00,0,1,
2016-07-27 16:01:00.669000-04:00,0,1,
2016-07-27 16:11:33.856000-04:00,0,1,
2016-07-27 16:48:17.203000-04:00,0,1,
2016-07-27 17:27:50.746000-04:00,0,1,
2016-07-27 17:50:45.720000-04:00,0,1,
2016-07-27 18:11:37.304000-04:00,0,1,
2016-07-27 18:29:06.836000-04:00,0,1,
2016-07-27 19:11:41.716000-04:00,0,1,
2016-07-27 19:31:58.623000-04:00,0,1,
2016-07-27 19:51:26.487000-04:00,0,1,
2016-07-27 20:08:53.584000-04:00,0,1,
2016-07-27 20:54:43.360000-04:00,0,1,
2016-07-27 21:28:50.773000-04:00,0,1,
2016-07-27 21:49:42.482000-04:00,0,1,
2016-07-27 22:09:05.214000-04:00,0,1,
2016-07-27 22:29:46.784000-04:00,0,1,
2016-07-27 22:53:31.986000-04:00,0,1,
2016-07-27 23:30:37.003000-04:00,0,1,
2016-07-27 23:52:53.733000-04:00,0,1,
2016-07-28 00:29:55.555000-04:00,0,1,
2016-07-28 00:50:34.321000-04:00,0,1,
2016-07-28 01:12:40.883000-04:00,0,1,
2016-07-28 01:48:59.441000-04:00,0,1,
2016-07-28 02:14:19.625000-04:00,0,1,
2016-07-28 02:30:00.711000-04:00,-1,1,
2016-07-28 03:13:17.139000-04:00,0,1,
2016-07-28 03:29:21.457000-04:00,-1,1,
2016-07-28 03:52:23.787000-04:00,1,1,
2016-07-28 04:32:08.216000-04:00,0,1,
2016-07-28 04:57:14.399000-04:00,0,1,
2016-07-28 05:19:31.773000-04:00,1,1,
2016-07-28 05:51:12.076000-04:00,0,1,
2016-07-28 06:34:35.377000-04:00,0,1,
2016-07-28 06:58:40.522000-04:00,-1,1,
2016-07-28 07:12:06.033000-04:00,-1,1,
2016-07-28 07:53:09.172000-04:00,-1,1,
2016-07-28 08:11:57.451000-04:00,0,1,
2016-07-28 08:50:47.817000-04:00,-1,1,
2016-07-28 09:31:25.423000-04:00,-1,1,
2016-07-28 09:55:01.457000-04:00,0,1,
2016-07-28 10:55:10.278000-04:00,-1,1,
2016-07-28 11:11:10.113000-04:00,-1,1,
2016-07-28 11:53:02.938000-04:00,-1,1,
2016-07-28 12:17:32.205000-04:00,-1,1,
2016-07-28 12:32:32.617000-04:00,-1,1,
2016-07-28 12:50:50.467000-04:00,-1,1,
2016-07-28 13:15:50.836000-04:00,-1,1,
2016-07-28 13:39:31.357000-04:00,-1,1,
2016-07-28 13:52:27.476000-04:00,-1,1,
2016-07-28 14:35:09.292000-04:00,0,1,
2016-07-28 14:54:22.241000-04:00,0,1,
2016-07-28 15:30:48.115000-04:00,0,1,
2016-07-28 15:48:27.382000-04:00,0,1,
2016-07-28 16:33:18.839000-04:00,0,1,
2016-07-28 16:50:42.128000-04:00,0,1,
2016-07-28 17:34:45.051000-04:00,0,1,
2016-07-28 17:48:49.329000-04:00,0,1,
2016-07-28 18:29:18.467000-04:00,0,1,
2016-07-28 18:54:45.727000-04:00,0,1,
2016-07-28 19:15:36.151000-04:00,0,1,
2016-07-28 19:54:53.678000-04:00,0,1,
2016-07-28 20:09:57.752000-04:00,0,1,
2016-07-28 20:34:55.896000-04:00,0,1,
2016-07-28 21:12:54.726000-04:00,0,1,
2016-07-28 21:53:57.361000-04:00,0,1,
2016-07-28 22:32:47.372000-04:00,0,1,
2016-07-28 22:54:13.142000-04:00,0,1,
2016-07-28 23:33:21.703000-04:00,0,1,
2016-07-28 23:54:34.987000-04:00,0,1,
2016-07-29 00:35:29.375000-04:00,0,1,
2016-07-29 00:57:43.031000-04:00,0,1,
2016-07-29 01:33:34.066000-04:00,0,1,
2016-07-29 01:54:09.029000-04:00,0,1,
2016-07-29 02:13:43.746000-04:00,0,1,
2016-07-29 02:55:06.519000-04:00,0,1,
2016-07-29 03:21:38.795000-04:00,0,1,
2016-07-29 03:48:11.062000-04:00,0,1,
2016-07-29 04:34:26.560000-04:00,0,1,
2016-07-29 05:34:36.624000-04:00,0,1,
2016-07-29 06:09:27.881000-04:00,0,1,
2016-07-29 06:54:53.658000-04:00,0,1,
2016-07-29 07:29:20.082000-04:00,0,1,
2016-07-29 07:49:55.203000-04:00,0,1,
2016-07-29 08:15:52.887000-04:00,0,1,
2016-07-29 08:53:59.503000-04:00,0,1,
2016-07-29 09:32:15.644000-04:00,0,1,
2016-07-29 09:53:36.842000-04:00,0,1,
2016-07-29 10:29:20.513000-04:00,0,1,
2016-07-29 11:30:42.043000-04:00,0,1,
2016-07-29 11:54:14.007000-04:00,0,1,
2016-07-29 12:51:30.114000-04:00,0,1,
2016-07-29 13:28:43.156000-04:00,0,1,
2016-07-29 13:51:02.510000-04:00,0,1,
2016-07-29 14:30:21.114000-04:00,0,1,
2016-07-29 14:54:28.449000-04:00,0,1,
2016-07-29 15:34:58-04:00,0,1,
2016-07-29 15:50:06.331000-04:00,0,1,
2016-07-29 16:13:09.943000-04:00,0,1,
2016-07-29 16:33:26.429000-04:00,0,1,
2016-07-29 17:15:23.056000-04:00,0,1,
2016-07-29 17:52:55.233000-04:00,0,1,
2016-07-29 18:29:45.970000-04:00,0,1,
2016-07-29 19:03:10.096000-04:00,0,1,
2016-07-29 19:11:16.353000-04:00,0,1,
2016-07-29 19:57:20.454000-04:00,0,1,
2016-07-29 20:35:20.701000-04:00,0,1,
2016-07-29 20:49:19.585000-04:00,0,1,
2016-07-29 21:33:22.266000-04:00,0,1,
2016-07-29 22:34:55.577000-04:00,-1,1,
2016-07-29 23:00:44.298000-04:00,0,1,
2016-07-29 23:14:39.922000-04:00,0,1,
2016-07-29 23:58:43.412000-04:00,0,1,
2016-07-30 00:34:33.290000-04:00,0,1,
2016-07-30 00:53:55.727000-04:00,0,1,
2016-07-30 01:32:57.539000-04:00,0,1,
2016-07-30 02:04:59.250000-04:00,0,1,
2016-07-30 02:11:44.263000-04:00,0,1,
2016-07-30 02:53:47.184000-04:00,0,1,
2016-07-30 03:10:46.096000-04:00,0,1,
2016-07-30 03:30:02.503000-04:00,0,1,
2016-07-30 04:15:08.628000-04:00,0,1,
2016-07-30 05:07:28.464000-04:00,0,1,
2016-07-30 05:32:01.894000-04:00,0,1,
2016-07-30 05:50:05.329000-04:00,0,1,
2016-07-30 06:15:31.663000-04:00,0,1,
2016-07-30 07:09:37.440000-04:00,0,1,
2016-07-30 07:29:33.480000-04:00,0,1,
2016-07-30 08:12:12.241000-04:00,0,1,
2016-07-30 08:34:44.840000-04:00,0,1,
2016-07-30 09:11:29.146000-04:00,0,1,
2016-07-30 09:54:33.945000-04:00,0,1,
2016-07-30 11:31:57.730000-04:00,0,1,
2016-07-30 11:49:12.577000-04:00,0,1,
2016-07-30 12:29:20.907000-04:00,0,1,
2016-07-30 12:55:14.555000-04:00,0,1,
2016-07-30 13:30:30.960000-04:00,0,1,
2016-07-30 14:30:50.928000-04:00,0,1,
2016-07-30 14:48:18.865000-04:00,0,1,
2016-07-30 15:34:15.199000-04:00,0,1,
2016-07-30 15:50:28.641000-04:00,1,1,
2016-07-30 16:32:20.621000-04:00,0,1,
2016-07-30 17:33:42.031000-04:00,1,1,
2016-07-30 17:54:12.163000-04:00,0,1,
2016-07-30 18:30:53.601000-04:00,1,1,
2016-07-30 19:14:42.725000-04:00,0,1,
2016-07-30 19:48:45.381000-04:00,1,1,
2016-07-30 20:23:23.045000-04:00,0,1,
2016-07-30 20:39:36.858000-04:00,1,1,
2016-07-30 21:34:47.076000-04:00,0,1,
2016-07-30 21:52:00.293000-04:00,1,1,
2016-07-30 22:23:24.764000-04:00,0,1,
2016-07-30 22:32:34.496000-04:00,0,1,
2016-07-30 23:29:55.694000-04:00,1,1,
2016-07-30 23:50:57.746000-04:00,0,1,
2016-07-31 00:10:19.614000-04:00,0,1,
2016-07-31 00:52:12.479000-04:00,0,1,
2016-07-31 01:21:03.850000-04:00,1,1,
2016-07-31 01:34:31.581000-04:00,0,1,
2016-07-31 02:01:52.779000-04:00,1,1,
2016-07-31 02:10:19.071000-04:00,0,1,
2016-07-31 02:33:03.709000-04:00,0,1,
2016-07-31 02:56:32.138000-04:00,1,1,
2016-07-31 03:33:02.671000-04:00,0,1,
2016-07-31 03:49:08.213000-04:00,0,1,
2016-07-31 04:24:44.983000-04:00,1,1,
2016-07-31 04:56:27.317000-04:00,1,1,
2016-07-31 05:20:14.882000-04:00,1,1,
2016-07-31 05:39:06.944000-04:00,1,1,
2016-07-31 06:11:05.411000-04:00,0,1,
2016-07-31 06:34:02.396000-04:00,0,1,
2016-07-31 07:03:34.487000-04:00,1,1,
2016-07-31 07:20:42.805000-04:00,1,1,
2016-07-31 07:40:43.137000-04:00,0,1,
2016-07-31 07:55:20.704000-04:00,1,1,
2016-07-31 08:58:38.352000-04:00,0,1,
2016-07-31 09:36:09.305000-04:00,1,1,
2016-07-31 09:59:53.780000-04:00,0,1,
2016-07-31 10:14:04.603000-04:00,1,1,
2016-07-31 10:35:05.677000-04:00,1,1,
2016-07-31 10:51:19.921000-04:00,1,1,
2016-07-31 11:30:43.214000-04:00,0,1,
2016-07-31 11:32:34.270000-04:00,0,1,
2016-07-31 13:08:35.301000-04:00,1,1,
2016-07-31 13:29:20.294000-04:00,0,1,
2016-07-31 13:52:10.755000-04:00,1,1,
2016-07-31 14:20:25.022000-04:00,0,1,
2016-07-31 14:34:05.758000-04:00,0,1,
2016-07-31 15:32:13.980000-04:00,1,1,
2016-07-31 15:50:39.813000-04:00,1,1,
2016-07-31 16:34:03.921000-04:00,1,1,
2016-07-31 16:51:53.237000-04:00,1,1,
2016-07-31 17:21:01.467000-04:00,1,1,
2016-07-31 17:32:12.518000-04:00,0,1,
2016-07-31 17:57:34.185000-04:00,1,1,
2016-07-31 18:09:40.623000-04:00,0,1,
2016-07-31 18:30:13.981000-04:00,0,1,
2016-07-31 18:52:34.863000-04:00,0,1,
2016-07-31 19:52:27.399000-04:00,0,1,
2016-07-31 20:15:31.956000-04:00,1,1,
2016-07-31 20:48:28.087000-04:00,1,1,
2016-07-31 21:09:29.791000-04:00,0,1,
2016-07-31 21:30:48.606000-04:00,1,1,
2016-07-31 21:57:56.592000-04:00,0,1,
2016-07-31 22:11:04.666000-04:00,0,1,
2016-07-31 22:36:22.227000-04:00,0,1,
2016-07-31 22:54:36.018000-04:00,0,1,
2016-07-31 23:31:42.829000-04:00,0,1,
2016-07-31 23:53:11.958000-04:00,0,1,
2016-08-01 00:11:51.632000-04:00,0,1,
2016-08-01 00:53:31.852000-04:00,0,1,
2016-08-01 01:12:48.754000-04:00,0,1,
2016-08-01 01:33:53.711000-04:00,0,1,
2016-08-01 01:58:38.052000-04:00,1,1,
2016-08-01 02:10:00.581000-04:00,0,1,
2016-08-01 02:54:49.826000-04:00,0,1,
2016-08-01 03:29:59.091000-04:00,1,1,
2016-08-01 03:39:59.558000-04:00,1,1,
2016-08-01 04:11:41.363000-04:00,1,1,
2016-08-01 04:31:03.272000-04:00,0,1,
2016-08-01 05:13:36.323000-04:00,0,1,
2016-08-01 05:30:16.185000-04:00,1,1,
2016-08-01 05:53:04.803000-04:00,0,1,
2016-08-01 06:34:28.770000-04:00,0,1,
2016-08-01 06:58:47.362000-04:00,0,1,
2016-08-01 07:15:09.494000-04:00,0,1,
2016-08-01 07:41:44.256000-04:00,0,1,
2016-08-01 08:15:10.691000-04:00,1,1,
2016-08-01 08:39:47.176000-04:00,0,1,
2016-08-01 08:50:38.184000-04:00,0,1,
2016-08-01 09:36:20.091000-04:00,1,1,
2016-08-01 10:15:45.831000-04:00,0,1,
2016-08-01 10:54:07.717000-04:00,0,1,
2016-08-01 11:34:24.958000-04:00,1,1,
2016-08-01 12:01:49.690000-04:00,0,1,
2016-08-01 12:18:04.261000-04:00,0,1,
2016-08-01 12:57:00.212000-04:00,0,1,
2016-08-01 13:31:58.753000-04:00,1,1,
2016-08-01 13:53:43.299000-04:00,0,1,
2016-08-01 14:34:19.267000-04:00,0,1,
2016-08-01 14:56:30.011000-04:00,0,1,
2016-08-01 15:34:25.828000-04:00,0,1,
2016-08-01 15:55:10.555000-04:00,1,1,
2016-08-01 16:37:56.807000-04:00,1,1,
2016-08-01 16:53:46.229000-04:00,1,1,
2016-08-01 17:17:51.023000-04:00,0,1,
2016-08-01 17:33:28.709000-04:00,0,1,
2016-08-01 17:59:20.249000-04:00,1,1,
2016-08-01 18:34:25.856000-04:00,0,1,
2016-08-01 18:55:57.646000-04:00,0,1,
2016-08-01 19:17:04.293000-04:00,0,1,
2016-08-01 19:49:07.254000-04:00,0,1,
2016-08-01 20:13:49.041000-04:00,0,1,
