dates,dpsNetEquity,netEquity,CAR25,dd95,ddTol,dpsCommission,dpsNetPNL,dpsRunName,dpsSafef,gainAhead,is_period,netPNL,nodpsComm,nodpsSafef,signalType,signals,v4.3_system,RS_netEquity,safef,cycleTime,timestamp,v4.4_system,mrThreshold
2016-05-03,113140.88,139959.82,0.000867430372264,0.0132293435084,0.00884651736929,2.39141553288,1979.36,both_worst_wf_is_all DPS wl90.0 maxL2 dd95_0.009 thres_0.0,0.0568085594476,0.00470588235294,wf_is_short,2445.95,5.59861685322,1.0,gainAhead_GNBayes,1.0,gainAhead_GNBayes_f66_is11,139959.82,1.0,,,,
2016-05-04,113169.13,140612.83,0.00172753197492,0.0105610617878,0.00884651736929,2.0,28.25,both_worst_wf_is_all DPS wl90.0 maxL2 dd95_0.009 thres_0.0,0.0688092913457,0.0,wf_is_short,653.01,5.62473817788,1.0,gainAhead_GNBayes,-1.0,gainAhead_GNBayes_f57_is12,88037.29,1.0,2099.53056667,20160505 10:59:31 EDT,,
2016-05-04 00:00:00,105360.58,122594.3,0.00180030458448,0.00898641990425,0.00884651736929,2.0,-500.17,both_worst_wf_is_all DPS wl90.0 maxL2 dd95_0.009 thres_0.0,0.0752323742936,0.0,wf_is_short,-579.64,0.0,1.0,gainAhead_GNBayes,-1.0,gainAhead_GNBayes_f57_is12,88037.29,1.0,2189.26523333,20160505 12:29:15 EDT,,
2016-05-04 00:00:00,111796.44,116626.58,-0.0179508810624,0.0,0.00884651736929,0.0,-528.59,both_worst_wf_is_all DPS wl90.0 maxL2 dd95_0.009 thres_0.0,1.0,0.0,wf_is_short,-551.43,0.0,1.0,gainAhead_GNBayes,-1.0,gainAhead_GNBayes_f57_is12,88037.29,1.0,2247.37196667,20160505 13:27:22 EDT,,
2016-05-04 00:00:00,101404.1,93011.61,-0.0324871452377,0.0,0.00884651736929,4.05632638682,470.92,both_worst_wf_is_short DPS wl90.0 maxL2 dd95_0.009 thres_0.0,1.0,0.0,wf_is_short,431.95,3.72061315953,1.0,gainAhead_GNBayes,-1.0,gainAhead_GNBayes_f57_is12,88037.29,1.0,2537.19583333,20160505 18:17:11 EDT,,
2016-05-05 00:00:00,46964.45,72503.63,0.00961412423108,0.00545246800504,0.00535683228913,3.75745698628,1041.0,both_zigZag_VotingSoft DPS wl33.0 maxL2 dd95_0.005 thres_0.0,2.0,0.0,wf_is_pv3s_v2v,812.59,2.90026114312,1.0,zigZag_VotingSoft,-1.0,zigZag_VotingSoft_f79_is34,,1.0,1683.2856,20160506 04:03:17 EDT,,
2016-05-05 00:00:00,103490.62,108669.3,0.0052711979319,0.00366872255265,0.00406469422349,8.27991174895,-2417.7,both_zigZag_PCA10_VotingSoft DPS wl19.0 maxL2 dd95_0.004 thres_0.0,2.0,0.0,wf_is_pv3s_v2v,-1254.74,4.34694597792,1.0,zigZag_PCA10_VotingSoft,1.0,zigZag_PCA10_f10_is59,,1.0,2488.35895,20160506 17:28:21 EDT,,
2016-05-05 00:00:00,151357.15,124421.78,0.00301753679044,0.00428631556049,0.00373001923296,9.08197402544,1738.57,both_gainAhead_VotingSoft DPS wl16.0 maxL2 dd95_0.004 thres_0.0,2.0,0.0,wf_is_pv2e_p2p,1431.64,4.97707016898,1.0,gainAhead_VotingSoft,-1.0,gainAhead_VotingSoft_f68_is17,,1.0,155.69,20160508 06:01:29 EDT,,
2016-05-06 00:00:00,131548.54,115020.85,0.00711697078495,0.00574182805217,0.00475486021374,10.5247248108,-1374.71,both_gainAhead_VotingSoft DPS wl26.0 maxL2 dd95_0.005 thres_0.0,2.0,0.0,wf_is_pv2e_p2p,-597.9,4.60101812059,1.0,gainAhead_VotingSoft,1.0,gainAhead_VotingSoft_f78_is27,,1.0,4951.92383333,20160509 10:31:55 EDT,,
2016-05-09 00:00:00,152728.61,122829.49,0.00752792821648,0.00536365403817,0.00475486021374,0.0,9505.55,both_gainAhead_VotingSoft DPS wl26.0 maxL2 dd95_0.005 thres_0.0,2.0,0.0,wf_is_pv2e_p2p,3945.11,0.0,1.0,gainAhead_VotingSoft,1.0,gainAhead_VotingSoft_f78_is27,,1.0,1587.8809,20160510 02:27:52 EDT,,
2016-05-11 00:00:00,159847.23,123395.53,0.112375262481,0.00154580416754,0.00208514414057,0.0,-299.35,both_zigZag_GNBayes DPS wl5.0 maxL2 dd95_0.002 thres_0.0,2.0,0.0,wf_is_short,-115.44,0.0,1.0,zigZag_GNBayes,1.0,zigZag_GNBayes_f57_is17,,1.0,1786.30285,20160512 05:46:18 EDT,,
2016-05-19 00:00:00,159085.65,121665.2,-0.00737104529939,0.0,0.00309276856414,0.0,-4883.85,both_zigZag_GNBayes DPS wl11.0 maxL2 dd95_0.003 thres_0.0,1.0,0.0,wf_is_short,-3735.06,0.0,1.0,zigZag_GNBayes,1.0,zigZag_GNBayes_f59_is23,,1.0,1401.08221667,20160519 23:21:04 EDT,,
2016-05-19 00:00:00,172226.32,132857.22,0.122850784298,8e-05,0.00131876094679,13.7792082567,9669.75,both_gainAhead_PCA10_VotingSoft DPS wl2.0 maxL2 dd95_0.001 thres_0.0,2.0,0.0,wf_is_pv3s_v2v,3837.55,5.31450144335,1.0,gainAhead_PCA10_VotingSoft,1.0,gainAhead_PCA10_f10_is36,,1.0,1523.53108333,20160520 01:23:31 EDT,,
2016-05-23 00:00:00,131539.3,120963.33,0.00384153095163,0.00193517065482,0.00186500961648,7.89283186803,3815.12,both_gainAhead_PCA10_VotingSoft DPS wl4.0 maxL2 dd95_0.002 thres_0.0,2.0,0.0,wf_is_pv3s_v2v,3510.73,4.83872682663,1.0,gainAhead_PCA10_VotingSoft,1.0,gainAhead_PCA10_f10_is34,,1.0,1254.10225,20160523 20:54:06 EDT,,
2016-05-24 00:00:00,138646.46,123944.19,0.126898405009,0.00547100306027,0.00208514414057,0.0,2642.77,both_gainAhead_PCA10_VotingSoft DPS wl5.0 maxL2 dd95_0.002 thres_0.0,2.0,0.0,wf_is_pv3s_v2v,1192.63,0.0,1.0,gainAhead_PCA10_VotingSoft,1.0,gainAhead_PCA10_f10_is17,,1.0,1614.17658333,20160525 02:54:10 EDT,,
2016-05-25 00:00:00,144869.97,124727.82,0.095975146744,0.00458679705657,0.00228416096288,0.0,1808.99,both_gainAhead_PCA10_VotingSoft DPS wl6.0 maxL2 dd95_0.002 thres_0.0,2.0,0.0,wf_is_pv3s_v2v,783.63,0.0,1.0,gainAhead_PCA10_VotingSoft,1.0,gainAhead_PCA10_f10_is17,,1.0,1511.88318333,20160526 01:11:52 EDT,,
2016-05-26 00:00:00,133584.2,125183.41,0.0763014244088,8e-05,0.00131876094679,0.0,4763.76,both_gainAhead_PCA10_VotingSoft DPS wl2.0 maxL2 dd95_0.001 thres_0.0,2.0,0.0,wf_is_pv3s_v2v,2272.61,0.0,1.0,gainAhead_PCA10_VotingSoft,1.0,gainAhead_PCA10_f10_is17,,1.0,1447.36488333,20160527 00:07:21 EDT,,
2016-05-27 00:00:00,145352.04,127363.98,0.0396107767565,5.9998800008e-05,0.00161514570617,0.0,751.15,both_gainAhead_PCA10_VotingSoft DPS wl3.0 maxL2 dd95_0.002 thres_0.0,2.0,0.0,wf_is_pv3s_v2v,329.95,0.0,1.0,gainAhead_PCA10_VotingSoft,1.0,gainAhead_PCA10_f10_is17,,1.0,34.07,20160528 05:14:53 EDT,,
2016-05-31 00:00:00,114095.95,109851.42,-0.00150639795655,0.0,0.00186500961648,6.84616753152,-4532.6,both_gainAhead_VotingSoft DPS wl4.0 maxL2 dd95_0.002 thres_0.0,1.0,0.0,wf_is_pv3s_v2v,-2140.68,4.39423254316,1.0,gainAhead_VotingSoft,-1.0,gainAhead_VotingSoft_f96_is28,,1.0,1747.56736667,20160601 05:07:34 EDT,,
2016-06-01 00:00:00,118180.3,113275.64,-0.00120422938764,0.0,0.00208514414057,0.0,2627.92,both_gainAhead_VotingSoft DPS wl5.0 maxL2 dd95_0.002 thres_0.0,1.0,0.0,wf_is_pv3s_v2v,2518.86,0.0,1.0,gainAhead_VotingSoft,-1.0,gainAhead_VotingSoft_f96_is28,,1.0,1349.39441667,20160601 22:29:23 EDT,,
2016-06-01 00:00:00,113836.79,107092.71,0.157183847072,3.99996e-05,0.00208514414057,0.0,4952.55,both_zigZag_VotingSoft DPS wl5.0 maxL2 dd95_0.002 thres_0.0,2.0,0.0,wf_is_pv2e_p2p,2381.37,0.0,1.0,zigZag_VotingSoft,-1.0,zigZag_VotingSoft_f91_is35,,1.0,2514.146,20160602 17:54:08 EDT,,
2016-06-02 00:00:00,110874.4,106309.0,-0.00463370944959,0.0,0.00131876094679,6.6528633088,-231.49,both_zigZag_VotingSoft DPS wl2.0 maxL2 dd95_0.001 thres_0.0,1.0,0.0,wf_is_pv2e_p2p,-111.93,4.25253011346,1.0,zigZag_VotingSoft,1.0,zigZag_VotingSoft_f89_is13,,1.0,1224.88643333,20160602 20:24:53 EDT,,
2016-06-03 00:00:00,110412.32,106137.65,0.0433170300346,0.00129472345386,0.00161514570617,2.20829053019,1827.06,both_zigZag_VotingSoft DPS wl3.0 maxL2 dd95_0.002 thres_0.0,2.0,0.0,wf_is_pv2e_p2p,1758.41,0.0,1.0,zigZag_VotingSoft,1.0,zigZag_VotingSoft_f89_is13,,1.0,1259.4362,20160603 20:59:26 EDT,,
2016-06-06 00:00:00,113479.55,107588.95,0.0270752730668,3.999982e-05,0.00186500961648,9.07909015666,3135.26,both_gainAhead_PCA10_GNBayes DPS wl4.0 maxL2 dd95_0.002 thres_0.0,2.0,0.0,wf_is_short,1507.13,4.30373029848,1.0,gainAhead_PCA10_GNBayes,-1.0,gainAhead_PCA10_f10_is14,,1.0,1247.13393333,20160606 20:47:08 EDT,,
2016-06-07 00:00:00,114062.26,108058.39,0.151286442128,4e-05,0.00208514414057,0.0,5124.79,both_gainAhead_PCA10_GNBayes DPS wl5.0 maxL2 dd95_0.002 thres_0.0,2.0,0.0,wf_is_short,2483.31,0.0,1.0,gainAhead_PCA10_GNBayes,-1.0,gainAhead_PCA10_f10_is15,,1.0,1235.20663333,20160607 20:35:12 EDT,,
2016-06-08 00:00:00,116030.69,107847.12,0.158639201264,5.1e-05,0.00186500961648,9.28319804296,4612.93,both_gainAhead_GNBayes DPS wl4.0 maxL2 dd95_0.002 thres_0.0,2.0,0.0,wf_is_short,2187.36,4.3140572467,1.0,gainAhead_GNBayes,1.0,gainAhead_GNBayes_f85_is7,,1.0,1349.3223,20160608 22:29:19 EDT,,
2016-06-09 00:00:00,121815.55,111418.95,0.140773237508,9.09978000439e-05,0.00131876094679,0.0,7791.21,both_gainAhead_GNBayes DPS wl2.0 maxL2 dd95_0.001 thres_0.0,2.0,0.0,wf_is_short,3680.84,0.0,1.0,gainAhead_GNBayes,1.0,gainAhead_GNBayes_f85_is8,,1.0,1253.06971667,20160609 20:53:04 EDT,,
2016-06-09 00:00:00,121815.55,111418.95,0.140835823512,7.9997600032e-05,0.00131876094679,0.0,7791.21,both_gainAhead_GNBayes DPS wl2.0 maxL2 dd95_0.001 thres_0.0,2.0,0.0,wf_is_short,3680.84,0.0,1.0,gainAhead_GNBayes,1.0,gainAhead_GNBayes_f86_is8,,1.0,1307.77185,20160609 21:47:46 EDT,,
2016-06-09 00:00:00,121815.55,111418.95,0.140835828463,7.99989200143e-05,0.00131876094679,0.0,7791.21,both_zigZag_VotingSoft DPS wl2.0 maxL2 dd95_0.001 thres_0.0,2.0,0.0,wf_is_pv2e_p2p,3680.84,0.0,1.0,zigZag_VotingSoft,1.0,zigZag_VotingSoft_f90_is13,,1.0,1359.38375,20160609 22:39:23 EDT,,
2016-06-09 00:00:00,121815.55,111418.95,0.140919275078,7.9997600032e-05,0.00131876094679,0.0,7791.21,both_zigZag_VotingSoft DPS wl2.0 maxL2 dd95_0.001 thres_0.0,2.0,0.0,wf_is_pv2e_p2p,3680.84,0.0,1.0,zigZag_VotingSoft,1.0,zigZag_VotingSoft_f90_is13,,1.0,1461.5759,20160610 00:21:34 EDT,,
2016-06-10 00:00:00,120796.57,110803.79,0.0309811633942,0.0,0.00114208048144,0.0,2654.01,both_zigZag_PCA10_VotingSoft DPS wl1.5 maxL2 dd95_0.001 thres_0.0,2.0,0.0,wf_is_pv2e_p2p,1230.75,0.0,1.0,zigZag_PCA10_VotingSoft,1.0,zigZag_PCA10_f10_is35,,1.0,6.14,20160611 22:19:29 EDT,,
2016-06-13 00:00:00,145165.32,122102.68,0.0179813083374,9.09978000439e-05,0.00131876094679,11.6141550327,3685.98,both_zigZag_VotingSoft DPS wl2.0 maxL2 dd95_0.001 thres_0.0,2.0,0.0,wf_is_pv2e_p2p,1570.19,4.88430253499,1.0,zigZag_VotingSoft,1.0,,,1.0,1272.57566667,20160613 21:12:34 EDT,zigZag_VotingSoft_f92_is35,
2016-06-13 00:00:00,158441.96,129109.95,0.0179535223834,7.99989200143e-05,0.00131876094679,12.6763708399,4023.1,both_zigZag_VotingSoft DPS wl2.0 maxL2 dd95_0.001 thres_0.0,2.0,0.0,wf_is_pv2e_p2p,1660.3,5.1646045691,1.0,zigZag_VotingSoft,1.0,,,1.0,1856.7145,20160614 06:56:42 EDT,zigZag_VotingSoft_f92_is35,
2016-06-14 00:00:00,153508.89,127101.29,-0.00590765077618,0.0,0.00161514570617,3.07023910573,-4933.07,both_zigZag_VotingSoft DPS wl3.0 maxL2 dd95_0.002 thres_0.0,1.0,0.0,wf_is_pv2e_p2p,-2008.66,0.0,1.0,zigZag_VotingSoft,1.0,,,1.0,1239.88116667,20160614 20:39:52 EDT,zigZag_VotingSoft_f92_is35,
2016-06-15 00:00:00,153763.9,127314.98,0.00652339081304,9.9998200036e-05,0.00131876094679,3.07533949771,255.01,both_zigZag_VotingSoft DPS wl2.0 maxL2 dd95_0.001 thres_0.0,2.0,0.0,wf_is_pv2e_p2p,213.69,0.0,1.0,zigZag_VotingSoft,1.0,,,1.0,1542.73155,20160616 01:42:43 EDT,zigZag_VotingSoft_f92_is35,
2016-06-16 00:00:00,157789.94,128981.74,0.000481087118698,0.00218212250351,0.00208514414057,0.0,4026.04,both_zigZag_VotingSoft DPS wl5.0 maxL2 dd95_0.002 thres_0.0,2.0,0.0,wf_is_pv2e_p2p,1666.76,0.0,1.0,zigZag_VotingSoft,1.0,,,1.0,1257.67641667,20160616 20:57:40 EDT,zigZag_VotingSoft_f92_is35,
2016-06-16 00:00:00,157789.94,128981.74,0.00144619439508,0.00151648875031,0.00208514414057,0.0,4026.04,both_zigZag_VotingSoft DPS wl5.0 maxL2 dd95_0.002 thres_0.0,2.0,0.0,wf_is_pv2e_p2p,1666.76,0.0,1.0,zigZag_VotingSoft,1.0,,,1.0,1543.89685,20160617 01:43:53 EDT,zigZag_VotingSoft_f92_is35,
2016-06-17 00:00:00,153813.36,127357.72,-0.0053099644423,0.0,0.00186500961648,3.07632871756,-3976.58,both_zigZag_VotingSoft DPS wl4.0 maxL2 dd95_0.002 thres_0.0,1.0,0.0,wf_is_pv2e_p2p,-1624.02,0.0,1.0,zigZag_VotingSoft,1.0,,,1.0,50.99,20160618 02:47:20 EDT,zigZag_VotingSoft_f92_is35,
2016-06-17 00:00:00,105966.85,105400.22,-0.0055614855004,0.0,0.00186500961648,6.35839252843,-2743.94,both_gainAhead_PCA10_GNBayes DPS wl4.0 maxL2 dd95_0.002 thres_0.0,1.0,0.0,wf_is_short,-1348.3,4.21617746322,1.0,gainAhead_PCA10_GNBayes,-1.0,,,1.0,2.27,20160619 04:27:28 EDT,gainAhead_PCA10_f10_is7,
2016-06-20 00:00:00,107319.13,105127.55,-0.000745196034435,0.0,0.00208514414057,0.0,644.34,both_zigZag_VotingSoft DPS wl5.0 maxL2 dd95_0.002 thres_0.0,1.0,0.0,wf_is_pv2e_p2p,631.19,0.0,1.0,zigZag_VotingSoft,1.0,,,1.0,1244.76333333,20160620 20:44:45 EDT,zigZag_VotingSoft_f92_is35,
2016-06-20 00:00:00,107319.13,105127.55,-0.000783604190469,0.0,0.00208514414057,0.0,644.34,both_zigZag_VotingSoft DPS wl5.0 maxL2 dd95_0.002 thres_0.0,1.0,0.0,wf_is_pv2e_p2p,631.19,0.0,1.0,zigZag_VotingSoft,1.0,,,1.0,2560.60568333,20160621 18:40:36 EDT,zigZag_VotingSoft_f92_is35,
2016-06-21 00:00:00,105678.1,105113.01,-0.00652565540887,0.0,0.00228416096288,0.0,351.32,both_gainAhead_PCA10_GNBayes DPS wl6.0 maxL2 dd95_0.002 thres_0.0,1.0,0.0,wf_is_short,349.44,0.0,1.0,gainAhead_PCA10_GNBayes,-1.0,,,1.0,1476.8637,20160622 00:36:51 EDT,gainAhead_PCA10_f10_is9,
2016-06-22 00:00:00,105673.87,105108.81,-0.00381322665718,0.0,0.00246717581898,4.227124,-4.23,both_gainAhead_PCA10_GNBayes DPS wl7.0 maxL2 dd95_0.002 thres_0.0,1.0,0.0,wf_is_short,-4.2,4.2045204,1.0,gainAhead_PCA10_GNBayes,1.0,,,1.0,1262.06636667,20160622 21:02:03 EDT,gainAhead_PCA10_f10_is10,
2016-06-22 00:00:00,105673.87,105108.81,-0.00499625955721,0.0,0.00246717581898,4.227124,-4.23,both_gainAhead_PCA10_GNBayes DPS wl7.0 maxL2 dd95_0.002 thres_0.0,1.0,0.0,wf_is_short,-4.2,4.2045204,1.0,gainAhead_PCA10_GNBayes,1.0,,,1.0,1680.56551667,20160623 04:00:33 EDT,gainAhead_PCA10_f10_is10,
2016-06-23 00:00:00,106633.92,106063.72,-0.00226681180377,0.0,0.00263752189358,0.0,960.05,both_gainAhead_PCA10_GNBayes DPS wl8.0 maxL2 dd95_0.003 thres_0.0,1.0,0.0,wf_is_short,954.91,0.0,1.0,gainAhead_PCA10_GNBayes,1.0,,,1.0,1259.077,20160623 20:59:04 EDT,gainAhead_PCA10_f10_is11,
2016-06-24 00:00:00,111945.11,107846.39,0.00993152920088,0.00212925017283,0.00246717581898,6.71710969775,2629.51,both_gainAhead_GNBayes DPS wl7.0 maxL2 dd95_0.002 thres_0.0,2.0,0.0,wf_is_short,2535.34,4.31402822186,1.0,gainAhead_GNBayes,1.0,,,1.0,1260.65311667,20160624 21:00:39 EDT,gainAhead_GNBayes_f86_is10,
2016-06-27 00:00:00,105934.26,104326.63,0.00558073110657,0.00269656058407,0.00228416096288,0.0,3574.99,both_sellHold DPS wl6.0 maxL2 dd95_0.002 thres_0.0,2.0,0.0,wf_is_pv2e_p2p,1790.58,0.0,1.0,sellHold,-1.0,,,1.0,1234.37925,20160627 20:34:22 EDT,sellHold,
2016-06-27 00:00:00,105934.26,104326.63,0.00690249292226,0.00345210074504,0.00228416096288,0.0,3574.99,both_sellHold DPS wl6.0 maxL2 dd95_0.002 thres_0.0,2.0,0.0,wf_is_pv2e_p2p,1790.58,0.0,1.0,sellHold,-1.0,,,1.0,1627.62011667,20160628 03:07:37 EDT,sellHold,
2016-06-28 00:00:00,103426.51,103256.71,0.00344238514858,0.00304283355994,0.00246717581898,6.20596268853,1598.73,both_gainAhead_PCA10_GNBayes DPS wl7.0 maxL2 dd95_0.002 thres_0.0,2.0,0.0,wf_is_short,1598.13,4.13043378699,1.0,gainAhead_PCA10_GNBayes,-1.0,,,1.0,1232.08285,20160628 20:32:04 EDT,gainAhead_PCA10_f10_is12,
2016-06-28 00:00:00,103428.57,103256.71,-0.00279875479375,0.0,0.00246717581898,4.13730845902,1600.79,both_gainAhead_PCA10_GNBayes DPS wl7.0 maxL2 dd95_0.002 thres_0.0,1.0,0.0,wf_is_short,1598.13,4.13043378699,1.0,gainAhead_PCA10_GNBayes,-1.0,,,1.0,1249.71991667,20160628 20:49:43 EDT,gainAhead_PCA10_f10_is12,
2016-06-28 00:00:00,96021.94,97204.83,-0.00782632768223,0.0,0.00246717581898,0.0,1489.94,both_buyHold DPS wl7.0 maxL2 dd95_0.002 thres_0.0,1.0,0.0,wf_is_short,1508.3,0.0,1.0,buyHold,1.0,,,1.0,1348.06773333,20160628 22:28:04 EDT,buyHold,
2016-06-29 00:00:00,98363.37,98426.93,-0.00492132090788,0.0,0.00114208048144,0.0,-1583.84,both_zigZag_GNBayes DPS wl1.5 maxL2 dd95_0.001 thres_0.0,1.0,0.0,wf_is_short,-1584.87,0.0,1.0,zigZag_GNBayes,-1.0,,,1.0,1436.75396667,20160629 23:56:45 EDT,zigZag_GNBayes_f86_is13,
2016-06-29 00:00:00,112706.55,106073.65,0.0437468495541,0.0,0.00114208048144,0.0,3462.35,both_gainAhead_PCA10_VotingSoft DPS wl1.5 maxL2 dd95_0.001 thres_0.0,2.0,0.0,wf_is_pv2e_p2p,1654.71,0.0,1.0,gainAhead_PCA10_VotingSoft,1.0,,,1.0,1512.20385,20160630 01:12:12 EDT,gainAhead_PCA10_f10_is25,
2016-06-30 00:00:00,109782.27,106069.41,-0.000416686633242,0.0,0.00131876094679,6.5873316,-6.59,both_gainAhead_PCA10_VotingSoft DPS wl2.0 maxL2 dd95_0.001 thres_0.0,1.0,0.0,wf_is_pv2e_p2p,-4.24,4.242946,1.0,gainAhead_PCA10_VotingSoft,-1.0,,,1.0,1267.81175,20160630 21:07:48 EDT,gainAhead_PCA10_f10_is25,
2016-06-30 00:00:00,99582.5,98426.93,-0.000416686633242,0.0,0.00131876094679,0.0,0.0,both_zigZag_GNBayes DPS wl2.0 maxL2 dd95_0.001 thres_0.0,1.0,0.0,wf_is_short,0.0,0.0,1.0,zigZag_GNBayes,-1.0,,,1.0,1370.88048333,20160630 22:50:52 EDT,zigZag_GNBayes_f86_is14,
2016-06-30 00:00:00,113069.94,106069.41,-0.000416686633242,0.0,0.00131876094679,6.7846032,-6.78,both_gainAhead_PCA10_VotingSoft DPS wl2.0 maxL2 dd95_0.001 thres_0.0,1.0,0.0,wf_is_pv2e_p2p,-4.24,4.242946,1.0,gainAhead_PCA10_VotingSoft,-1.0,,,1.0,,20160701 00:15:11 EDT,gainAhead_PCA10_f10_is25,1.0
2016-06-30 00:00:00,98363.37,98426.93,-0.000416686633242,0.0,0.00131876094679,0.0,0.0,both_zigZag_GNBayes DPS wl2.0 maxL2 dd95_0.001 thres_0.0,1.0,0.0,wf_is_short,0.0,0.0,1.0,zigZag_GNBayes,-1.0,,,1.0,,20160701 00:16:50 EDT,zigZag_GNBayes_f86_is14,0.5
2016-06-30 00:00:00,113069.94,106069.41,-0.000416686633242,0.0,0.00131876094679,6.7846032,-6.78,both_gainAhead_PCA10_VotingSoft DPS wl2.0 maxL2 dd95_0.001 thres_0.0,1.0,0.0,wf_is_pv2e_p2p,-4.24,4.242946,1.0,gainAhead_PCA10_VotingSoft,-1.0,,,1.0,,20160701 00:17:00 EDT,gainAhead_PCA10_f10_is25,0.75
2016-07-01 00:00:00,107275.2,105631.69,0.0650119875045,0.00012,0.00161514570617,2.14554700032,2483.96,both_zigZag_PCA10_VotingSoft DPS wl3.0 maxL2 dd95_0.002 thres_0.0,2.0,0.0,wf_is_pv3s_v2v,2447.97,0.0,1.0,zigZag_PCA10_VotingSoft,1.0,,,1.0,,20160701 20:52:59 EDT,zigZag_PCA10_f10_is50,1.0
2016-07-01 00:00:00,94562.35,94560.46,-0.00709600074703,0.0,0.00161514570617,3.78264539123,-2301.83,both_zigZag_GNBayes DPS wl3.0 maxL2 dd95_0.002 thres_0.0,1.0,0.0,wf_is_short,-2301.78,3.78256963224,1.0,zigZag_GNBayes,1.0,,,1.0,,20160701 20:53:25 EDT,zigZag_GNBayes_f86_is4,0.5
2016-07-01 00:00:00,107275.2,105631.69,0.0650119875045,0.00012,0.00161514570617,2.14554700032,2483.96,both_zigZag_PCA10_VotingSoft DPS wl3.0 maxL2 dd95_0.002 thres_0.0,2.0,0.0,wf_is_pv3s_v2v,2447.97,0.0,1.0,zigZag_PCA10_VotingSoft,1.0,,,1.0,,20160701 20:54:02 EDT,zigZag_PCA10_f10_is50,0.75
2016-07-01 00:00:00,107275.2,105631.69,0.0650745211787,0.000111,0.00161514570617,2.14554700032,2483.96,both_zigZag_PCA10_VotingSoft DPS wl3.0 maxL2 dd95_0.002 thres_0.0,2.0,0.0,wf_is_pv3s_v2v,2447.97,0.0,1.0,zigZag_PCA10_VotingSoft,1.0,,,1.0,,20160704 20:32:44 EDT,zigZag_PCA10_f10_is50,1.0
2016-07-01 00:00:00,94562.35,94560.46,-0.00701069162009,0.0,0.00161514570617,3.78264539123,-2301.83,both_zigZag_GNBayes DPS wl3.0 maxL2 dd95_0.002 thres_0.0,1.0,0.0,wf_is_short,-2301.78,3.78256963224,1.0,zigZag_GNBayes,1.0,,,1.0,,20160704 20:33:27 EDT,zigZag_GNBayes_f86_is4,0.5
2016-07-01 00:00:00,107275.2,105631.69,0.0650745211787,0.000111,0.00161514570617,2.14554700032,2483.96,both_zigZag_PCA10_VotingSoft DPS wl3.0 maxL2 dd95_0.002 thres_0.0,2.0,0.0,wf_is_pv3s_v2v,2447.97,0.0,1.0,zigZag_PCA10_VotingSoft,1.0,,,1.0,,20160704 20:35:19 EDT,zigZag_PCA10_f10_is50,0.75
2016-07-05 00:00:00,109138.39,106567.7,0.0367180926308,0.000111,0.00186500961648,0.0,5149.91,both_zigZag_PCA10_VotingSoft DPS wl4.0 maxL2 dd95_0.002 thres_0.0,2.0,0.0,wf_is_pv3s_v2v,2575.06,0.0,1.0,zigZag_PCA10_VotingSoft,1.0,,,1.0,,20160705 20:26:45 EDT,zigZag_PCA10_f10_is50,1.0
2016-07-05 00:00:00,93701.33,93699.46,-0.00164448333102,0.0,0.00186500961648,0.0,-2379.14,both_sellHold DPS wl4.0 maxL2 dd95_0.002 thres_0.0,1.0,0.0,wf_is_pv2e_p2p,-2379.09,0.0,1.0,sellHold,-1.0,,,1.0,,20160705 20:29:07 EDT,sellHold,0.5
2016-07-05 00:00:00,109138.39,106567.7,0.0367180926308,0.000111,0.00186500961648,0.0,5149.91,both_zigZag_PCA10_VotingSoft DPS wl4.0 maxL2 dd95_0.002 thres_0.0,2.0,0.0,wf_is_pv3s_v2v,2575.06,0.0,1.0,zigZag_PCA10_VotingSoft,1.0,,,1.0,,20160705 20:29:23 EDT,zigZag_PCA10_f10_is50,0.75
2016-07-05 00:00:00,,,,,,,,,,,,,,,,-1.0,,,1.0,,20160706 03:32:08 ,,
2016-07-05 00:00:00,,,,,,,,,,,,,,,,-1.0,,,1.0,,20160705 22:35:50 ,,
2016-07-05 00:00:00,109138.39,106567.7,0.0326796941081,9.99960000801e-05,0.00186500961648,0.0,5149.91,both_zigZag_PCA10_VotingSoft DPS wl4.0 maxL2 dd95_0.002 thres_0.0,2.0,0.0,wf_is_pv3s_v2v,2575.06,0.0,1.0,zigZag_PCA10_VotingSoft,1.0,,,1.0,,20160705 23:07:40 EDT,zigZag_PCA10_f10_is50,1.0
2016-07-05 00:00:00,93701.33,93699.46,-0.00180522413378,0.0,0.00186500961648,0.0,-2379.14,both_sellHold DPS wl4.0 maxL2 dd95_0.002 thres_0.0,1.0,0.0,wf_is_pv2e_p2p,-2379.09,0.0,1.0,sellHold,-1.0,,,1.0,,20160705 23:10:24 EDT,sellHold,0.5
2016-07-05 00:00:00,109138.39,106567.7,0.0326796941081,9.99960000801e-05,0.00186500961648,0.0,5149.91,both_zigZag_PCA10_VotingSoft DPS wl4.0 maxL2 dd95_0.002 thres_0.0,2.0,0.0,wf_is_pv3s_v2v,2575.06,0.0,1.0,zigZag_PCA10_VotingSoft,1.0,,,1.0,,20160705 23:11:13 EDT,zigZag_PCA10_f10_is50,0.75
2016-07-05 00:00:00,93701.33,93699.46,-0.00180522413378,0.0,0.00186500961648,0.0,-2379.14,both_sellHold DPS wl4.0 maxL2 dd95_0.002 thres_0.0,1.0,0.0,wf_is_pv2e_p2p,-2379.09,0.0,1.0,sellHold,-1.0,,,1.0,,20160705 23:12:27 EDT,sellHold,0.5
2016-07-06 00:00:00,108326.95,106171.54,0.0153369583513,0.00147371460307,0.00208514414057,0.0,-811.44,both_buyHold DPS wl5.0 maxL2 dd95_0.002 thres_0.0,2.0,0.0,wf_is_short,-396.16,0.0,1.0,buyHold,1.0,,,1.0,,20160706 20:56:03 EDT,buyHold,1.0
2016-07-06 00:00:00,94045.9,94044.02,-0.00661226283151,0.0,0.00208514414057,3.76198648327,344.57,both_gainAhead_VotingSoft DPS wl5.0 maxL2 dd95_0.002 thres_0.0,1.0,0.0,wf_is_pv3s_v2v,344.56,3.7619114052,1.0,gainAhead_VotingSoft,1.0,,,1.0,,20160706 20:56:16 EDT,gainAhead_VotingSoft_f90_is14,0.5
2016-07-06 00:00:00,108326.95,106171.54,0.0153369583513,0.00147371460307,0.00208514414057,0.0,-811.44,both_buyHold DPS wl5.0 maxL2 dd95_0.002 thres_0.0,2.0,0.0,wf_is_short,-396.16,0.0,1.0,buyHold,1.0,,,1.0,,20160706 20:56:38 EDT,buyHold,0.75
2016-07-06 00:00:00,94045.9,94044.02,-0.00661226283151,0.0,0.00208514414057,3.76198648327,344.57,both_gainAhead_VotingSoft DPS wl5.0 maxL2 dd95_0.002 thres_0.0,1.0,0.0,wf_is_pv3s_v2v,344.56,3.7619114052,1.0,gainAhead_VotingSoft,1.0,,,1.0,,20160706 20:56:54 EDT,gainAhead_VotingSoft_f90_is14,0.5
2016-07-06 00:00:00,,,,,,,,,,,,,,,,-1.0,,,1.0,,20160706 22:18:41 ,,
2016-07-07 00:00:00,110204.43,107091.63,0.0956983983736,0.00501038831538,0.00228416096288,0.0,1886.14,both_zigZag_PCA10_VotingSoft DPS wl6.0 maxL2 dd95_0.002 thres_0.0,2.0,0.0,wf_is_pv3s_v2v,924.34,0.0,1.0,zigZag_PCA10_VotingSoft,-1.0,,,1.0,,20160707 21:32:13 EDT,zigZag_PCA10_f10_is14,1.0
2016-07-07 00:00:00,93223.36,93221.5,-0.00977625497149,0.0,0.00228416096288,3.72908369652,-822.54,both_gainAhead_VotingSoft DPS wl6.0 maxL2 dd95_0.002 thres_0.0,1.0,0.0,wf_is_pv3s_v2v,-822.52,3.72900915124,1.0,gainAhead_VotingSoft,-1.0,,,1.0,,20160707 21:32:31 EDT,gainAhead_VotingSoft_f90_is14,0.5
2016-07-07 00:00:00,110204.43,107091.63,0.0956983983736,0.00501038831538,0.00228416096288,0.0,1886.14,both_zigZag_PCA10_VotingSoft DPS wl6.0 maxL2 dd95_0.002 thres_0.0,2.0,0.0,wf_is_pv3s_v2v,924.34,0.0,1.0,zigZag_PCA10_VotingSoft,-1.0,,,1.0,,20160707 21:32:48 EDT,zigZag_PCA10_f10_is14,0.75
2016-07-07 00:00:00,93223.36,93221.5,-0.00977625497149,0.0,0.00228416096288,3.72908369652,-822.54,both_gainAhead_VotingSoft DPS wl6.0 maxL2 dd95_0.002 thres_0.0,1.0,0.0,wf_is_pv3s_v2v,-822.52,3.72900915124,1.0,gainAhead_VotingSoft,-1.0,,,1.0,,20160707 21:38:02 EDT,gainAhead_VotingSoft_f90_is14,0.5
2016-07-07 00:00:00,,,,,,,,,,,,,,,,-1.0,,,1.0,,20160707 22:03:01 ,,
2016-07-08 00:00:00,109925.68,106957.26,-0.00564640761147,0.0,0.00131876094679,2.19855763739,-278.75,both_zigZag_PCA10_VotingSoft DPS wl2.0 maxL2 dd95_0.001 thres_0.0,1.0,0.0,wf_is_pv3s_v2v,-134.37,0.0,1.0,zigZag_PCA10_VotingSoft,-1.0,,,1.0,,20160708 21:01:55 EDT,zigZag_PCA10_f10_is14,1.0
2016-07-08 00:00:00,93106.39,93104.53,-0.0056464206901,0.0,0.00131876094679,0.0,-116.97,both_gainAhead_VotingSoft DPS wl2.0 maxL2 dd95_0.001 thres_0.0,1.0,0.0,wf_is_pv3s_v2v,-116.97,0.0,1.0,gainAhead_VotingSoft,-1.0,,,1.0,,20160708 21:02:14 EDT,gainAhead_VotingSoft_f90_is14,0.5
2016-07-08 00:00:00,109925.68,106957.26,-0.00564640761147,0.0,0.00131876094679,2.19855763739,-278.75,both_zigZag_PCA10_VotingSoft DPS wl2.0 maxL2 dd95_0.001 thres_0.0,1.0,0.0,wf_is_pv3s_v2v,-134.37,0.0,1.0,zigZag_PCA10_VotingSoft,-1.0,,,1.0,,20160708 21:03:06 EDT,zigZag_PCA10_f10_is14,0.75
2016-07-08 00:00:00,93106.39,93104.53,-0.0056464206901,0.0,0.00131876094679,0.0,-116.97,both_gainAhead_VotingSoft DPS wl2.0 maxL2 dd95_0.001 thres_0.0,1.0,0.0,wf_is_pv3s_v2v,-116.97,0.0,1.0,gainAhead_VotingSoft,-1.0,,,1.0,,20160708 21:03:41 EDT,gainAhead_VotingSoft_f90_is14,0.5
2016-07-08 00:00:00,,,,,,,,,,,,,,,,-1.0,,,1.0,,20160710 04:45:53 ,,
2016-07-11 00:00:00,108573.14,106369.62,0.00970540423153,4e-05,0.00161514570617,0.0,2003.19,both_buyHold DPS wl3.0 maxL2 dd95_0.002 thres_0.0,2.0,0.0,wf_is_short,990.41,0.0,1.0,buyHold,1.0,,,1.0,,20160711 20:45:40 EDT,buyHold,1.0
2016-07-11 00:00:00,92231.33,92229.49,-0.00230867162107,0.0,0.00161514570617,0.0,-875.06,both_gainAhead_VotingSoft DPS wl3.0 maxL2 dd95_0.002 thres_0.0,1.0,0.0,wf_is_pv3s_v2v,-875.04,0.0,1.0,gainAhead_VotingSoft,-1.0,,,1.0,,20160711 20:51:21 EDT,gainAhead_VotingSoft_f90_is14,0.5
2016-07-11 00:00:00,108573.14,106369.62,0.00970540423153,4e-05,0.00161514570617,0.0,2003.19,both_buyHold DPS wl3.0 maxL2 dd95_0.002 thres_0.0,2.0,0.0,wf_is_short,990.41,0.0,1.0,buyHold,1.0,,,1.0,,20160711 20:51:32 EDT,buyHold,0.75
2016-07-11 00:00:00,92231.33,92229.49,-0.00230867162107,0.0,0.00161514570617,0.0,-875.06,both_gainAhead_VotingSoft DPS wl3.0 maxL2 dd95_0.002 thres_0.0,1.0,0.0,wf_is_pv3s_v2v,-875.04,0.0,1.0,gainAhead_VotingSoft,-1.0,,,1.0,,20160711 20:52:37 EDT,gainAhead_VotingSoft_f90_is14,0.5
2016-07-11 00:00:00,,,,,,,,,,,,,,,,-1.0,,,1.0,,20160711 21:48:35 ,,
2016-07-11 00:00:00,,,,,,,,,,,,,,,,-1.0,,,1.0,,20160712 05:20:01 ,,
2016-07-12 00:00:00,110123.22,107128.93,0.0449220715912,5.9998800008e-05,0.00186500961648,0.0,1550.08,both_buyHold DPS wl4.0 maxL2 dd95_0.002 thres_0.0,2.0,0.0,wf_is_short,759.31,0.0,1.0,buyHold,1.0,,,1.0,,20160712 20:51:20 EDT,buyHold,1.0
2016-07-12 00:00:00,91572.94,91571.12,-0.00801763999422,0.0,0.00186500961648,0.0,-658.39,both_gainAhead_VotingSoft DPS wl4.0 maxL2 dd95_0.002 thres_0.0,1.0,0.0,wf_is_pv3s_v2v,-658.37,0.0,1.0,gainAhead_VotingSoft,-1.0,,,1.0,,20160712 20:51:50 EDT,gainAhead_VotingSoft_f90_is14,0.5
2016-07-12 00:00:00,110123.22,107128.93,0.0449220715912,5.9998800008e-05,0.00186500961648,0.0,1550.08,both_buyHold DPS wl4.0 maxL2 dd95_0.002 thres_0.0,2.0,0.0,wf_is_short,759.31,0.0,1.0,buyHold,1.0,,,1.0,,20160712 20:52:21 EDT,buyHold,0.75
2016-07-12 00:00:00,91572.94,91571.12,-0.00801763999422,0.0,0.00186500961648,0.0,-658.39,both_gainAhead_VotingSoft DPS wl4.0 maxL2 dd95_0.002 thres_0.0,1.0,0.0,wf_is_pv3s_v2v,-658.37,0.0,1.0,gainAhead_VotingSoft,-1.0,,,1.0,,20160712 20:55:29 EDT,gainAhead_VotingSoft_f90_is14,0.5
2016-07-13 00:00:00,105055.76,103839.19,0.0416788165391,8.19972600477e-05,0.00161514570617,0.0,1656.93,both_buyHold DPS wl3.0 maxL2 dd95_0.002 thres_0.0,2.0,0.0,wf_is_short,825.38,0.0,1.0,buyHold,1.0,,,1.0,,20160713 21:29:01 EDT,buyHold,1.0
2016-07-13 00:00:00,94541.18,94539.29,-0.00661067235581,0.0,0.00161514570617,3.78179865134,-767.43,both_gainAhead_VotingSoft DPS wl3.0 maxL2 dd95_0.002 thres_0.0,1.0,0.0,wf_is_pv3s_v2v,-767.41,3.78172286348,1.0,gainAhead_VotingSoft,1.0,,,1.0,,20160713 21:29:21 EDT,gainAhead_VotingSoft_f90_is14,0.5
2016-07-13 00:00:00,105055.76,103839.19,0.0416788165391,8.19972600477e-05,0.00161514570617,0.0,1656.93,both_buyHold DPS wl3.0 maxL2 dd95_0.002 thres_0.0,2.0,0.0,wf_is_short,825.38,0.0,1.0,buyHold,1.0,,,1.0,,20160713 21:29:50 EDT,buyHold,0.75
2016-07-13 00:00:00,94541.18,94539.29,-0.00661067235581,0.0,0.00161514570617,3.78179865134,-767.43,both_gainAhead_VotingSoft DPS wl3.0 maxL2 dd95_0.002 thres_0.0,1.0,0.0,wf_is_pv3s_v2v,-767.41,3.78172286348,1.0,gainAhead_VotingSoft,1.0,,,1.0,,20160713 21:31:19 EDT,gainAhead_VotingSoft_f90_is14,0.5
2016-07-14 00:00:00,119954.85,111768.39,0.0918442254311,4e-05,0.00186500961648,0.0,4381.27,both_buyHold DPS wl4.0 maxL2 dd95_0.002 thres_0.0,2.0,0.0,wf_is_short,2079.1,0.0,1.0,buyHold,1.0,,,1.0,,20160714 20:40:45 EDT,buyHold,1.0
2016-07-14 00:00:00,89260.72,89258.96,-0.00757989840356,0.0,0.00186500961648,0.0,-1724.58,both_sellHold DPS wl4.0 maxL2 dd95_0.002 thres_0.0,1.0,0.0,wf_is_pv2e_p2p,-1724.54,0.0,1.0,sellHold,-1.0,,,1.0,,20160714 20:44:50 EDT,sellHold,0.5
2016-07-14 00:00:00,119954.85,111768.39,0.0918442254311,4e-05,0.00186500961648,0.0,4381.27,both_buyHold DPS wl4.0 maxL2 dd95_0.002 thres_0.0,2.0,0.0,wf_is_short,2079.1,0.0,1.0,buyHold,1.0,,,1.0,,20160714 20:45:02 EDT,buyHold,0.75
2016-07-14 00:00:00,89260.72,89258.96,-0.00757989840356,0.0,0.00186500961648,0.0,-1724.58,both_sellHold DPS wl4.0 maxL2 dd95_0.002 thres_0.0,1.0,0.0,wf_is_pv2e_p2p,-1724.54,0.0,1.0,sellHold,-1.0,,,1.0,,20160714 20:45:21 EDT,sellHold,0.5
2016-07-15 00:00:00,110935.77,106728.02,0.101219192848,3.99996e-05,0.00208514414057,0.0,1897.46,both_buyHold DPS wl5.0 maxL2 dd95_0.002 thres_0.0,2.0,0.0,wf_is_short,920.62,0.0,1.0,buyHold,1.0,,,1.0,,20160715 21:02:54 EDT,buyHold,1.0
2016-07-15 00:00:00,93568.47,93566.6,-0.00799035286185,0.0,0.00208514414057,0.0,-821.27,both_sellHold DPS wl5.0 maxL2 dd95_0.002 thres_0.0,1.0,0.0,wf_is_pv2e_p2p,-821.26,0.0,1.0,sellHold,-1.0,,,1.0,,20160715 21:03:51 EDT,sellHold,0.5
2016-07-15 00:00:00,110935.77,106728.02,0.101219192848,3.99996e-05,0.00208514414057,0.0,1897.46,both_buyHold DPS wl5.0 maxL2 dd95_0.002 thres_0.0,2.0,0.0,wf_is_short,920.62,0.0,1.0,buyHold,1.0,,,1.0,,20160715 21:04:34 EDT,buyHold,0.75
2016-07-15 00:00:00,93568.47,93566.6,-0.00799035286185,0.0,0.00208514414057,0.0,-821.27,both_sellHold DPS wl5.0 maxL2 dd95_0.002 thres_0.0,1.0,0.0,wf_is_pv2e_p2p,-821.26,0.0,1.0,sellHold,-1.0,,,1.0,,20160715 21:07:45 EDT,sellHold,0.5
2016-07-18 00:00:00,,,,,,,,,,,,,,,,-1.0,,,1.0,,20160718 21:48:41 ,,
2016-07-19 00:00:00,,,,,,,,,,,,,,,,-1.0,,,1.0,,20160719 21:16:19 ,,
2016-07-20 00:00:00,,,,,,,,,,,,,,,,1.0,,,1.0,,20160720 22:05:53 ,,
2016-07-21 00:00:00,,,,,,,,,,,,,,,,1.0,,,1.0,,20160721 21:43:31 ,,
2016-07-22 00:00:00,,,,,,,,,,,,,,,,-1.0,,,1.0,,20160722 22:38:41 ,,
2016-07-22 00:00:00,,,,,,,,,,,,,,,,1.0,,,1.0,,20160724 08:59:07 ,,
2016-07-25 00:00:00,,,,,,,,,,,,,,,,-1.0,,,1.0,,20160725 21:58:57 ,,
2016-07-26 00:00:00,,,,,,,,,,,,,,,,-1.0,,,1.0,,20160726 21:29:01 ,,
2016-07-27 00:00:00,,,,,,,,,,,,,,,,-1.0,,,1.0,,20160727 23:06:34 ,,
2016-07-27 00:00:00,,,,,,,,,,,,,,,,-1.0,,,1.0,,20160727 23:22:29 ,,
2016-07-28 00:00:00,,,,,,,,,,,,,,,,1.0,,,1.0,,20160728 21:42:19 ,,
2016-07-29 00:00:00,,,,,,,,,,,,,,,,1.0,,,1.0,,20160730 00:20:54 ,,
2016-07-29 00:00:00,,,,,,,,,,,,,,,,1.0,,,1.0,,20160730 01:12:30 ,,
2016-07-29 00:00:00,,,,,,,,,,,,,,,,1.0,,,1.0,,20160730 01:27:19 ,,
2016-07-29 00:00:00,,,,,,,,,,,,,,,,1.0,,,1.0,,20160730 08:13:01 ,,
2016-08-01 00:00:00,,,,,,,,,,,,,,,,1.0,,,1.0,,20160802 00:19:15 ,,
2016-08-02 00:00:00,,,,,,,,,,,,,,,,1.0,,,1.0,,20160802 22:44:16 ,,
