dates,CAR25,dd95,ddTol,dpsCommission,dpsNetEquity,dpsNetPNL,dpsRunName,dpsSafef,gainAhead,is_period,netEquity,netPNL,nodpsComm,nodpsSafef,signalType,signals,v4.3_system,safef,cycleTime,timestamp,v4.4_system,mrThreshold
2016-05-27,0.209340057156,0.00262114712455,0.00228416096288,8.98716308137,112330.55,5680.31,both_zigZag_PCA10_VotingSoft DPS wl6.0 maxL2 dd95_0.002 thres_0.0,2.0,0.0162563864375,wf_is_pv2e_p2p,108261.96,2808.4,4.33065162315,1.0,zigZag_PCA10_VotingSoft,1.0,zigZag_PCA10_f10_is9,1.0,,,,
2016-05-31,0.0568532874238,0.00225261598436,0.00246717581898,0.0,115982.73,3652.18,both_zigZag_PCA10_VotingSoft DPS wl7.0 maxL2 dd95_0.002 thres_0.0,2.0,0.0,wf_is_pv2e_p2p,110021.91,1759.95,0.0,1.0,zigZag_PCA10_VotingSoft,1.0,zigZag_PCA10_f10_is44,1.0,1360.21498333,20160531 22:40:12 EDT,,
2016-06-01 00:00:00,0.0137879345877,0.0,0.00114208048144,0.0,122341.25,1217.88,both_gainAhead_PCA10_VotingSoft DPS wl1.5 maxL2 dd95_0.001 thres_0.0,2.0,0.0,wf_is_pv3s_v2v,111444.08,557.47,0.0,1.0,gainAhead_PCA10_VotingSoft,1.0,gainAhead_PCA10_f10_is14,1.0,1307.36498333,20160601 21:47:21 EDT,,
2016-06-01 00:00:00,0.0137879345877,0.0,0.00114208048144,0.0,116543.15,1160.16,both_gainAhead_PCA10_VotingSoft DPS wl1.5 maxL2 dd95_0.001 thres_0.0,2.0,0.0,wf_is_pv3s_v2v,109571.03,548.1,0.0,1.0,gainAhead_PCA10_VotingSoft,1.0,gainAhead_PCA10_f10_is14,1.0,2522.8752,20160602 18:02:52 EDT,,
2016-06-02 00:00:00,0.140596802874,9.09978000439e-05,0.00131876094679,0.0,119162.09,7609.33,both_zigZag_PCA10_VotingSoft DPS wl2.0 maxL2 dd95_0.001 thres_0.0,2.0,0.0,wf_is_pv2e_p2p,110119.68,3631.92,0.0,1.0,zigZag_PCA10_VotingSoft,1.0,zigZag_PCA10_f10_is44,1.0,1229.51915,20160602 20:29:31 EDT,,
2016-06-03 00:00:00,0.0466354023225,0.0001,0.00161514570617,0.0,114367.9,0.0,both_zigZag_PCA10_VotingSoft DPS wl3.0 maxL2 dd95_0.002 thres_0.0,2.0,0.0,wf_is_pv2e_p2p,108430.73,0.0,0.0,1.0,zigZag_PCA10_VotingSoft,1.0,zigZag_PCA10_f10_is44,1.0,1268.56891667,20160603 21:08:34 EDT,,
2016-06-06 00:00:00,0.0419991868674,9.9998200036e-05,0.00186500961648,0.0,115530.41,6429.02,both_zigZag_PCA10_VotingSoft DPS wl4.0 maxL2 dd95_0.002 thres_0.0,2.0,0.0,wf_is_pv3s_v2v,108729.82,3111.87,0.0,1.0,zigZag_PCA10_VotingSoft,1.0,zigZag_PCA10_f10_is42,1.0,1244.9629,20160606 20:44:57 EDT,,
2016-06-07 00:00:00,0.0924913661079,7.99989200144e-05,0.00208514414057,0.0,114362.21,679.86,both_zigZag_PCA10_VotingSoft DPS wl5.0 maxL2 dd95_0.002 thres_0.0,2.0,0.0,wf_is_pv3s_v2v,107310.47,319.92,0.0,1.0,zigZag_PCA10_VotingSoft,1.0,zigZag_PCA10_f10_is42,1.0,1241.99321667,20160607 20:41:59 EDT,,
2016-06-08 00:00:00,-0.00530159648909,0.0,0.00228416096288,2.12432219216,106213.99,-3943.0,both_zigZag_PCA10_VotingSoft DPS wl6.0 maxL2 dd95_0.002 thres_0.0,1.0,0.0,wf_is_pv3s_v2v,104863.75,-1909.92,0.0,1.0,zigZag_PCA10_VotingSoft,1.0,zigZag_PCA10_f10_is42,1.0,1350.5474,20160608 22:30:32 EDT,,
2016-06-09 00:00:00,0.0502866755399,0.0,0.00114208048144,0.0,109841.54,3860.54,both_gainAhead_VotingSoft DPS wl1.5 maxL2 dd95_0.001 thres_0.0,2.0,0.0,wf_is_pv2e_p2p,106366.67,1902.64,0.0,1.0,gainAhead_VotingSoft,-1.0,gainAhead_VotingSoft_f104_is44,1.0,1255.25091667,20160609 20:55:15 EDT,,
2016-06-09 00:00:00,0.0502866755399,0.0,0.00114208048144,0.0,107940.28,3793.72,both_gainAhead_VotingSoft DPS wl1.5 maxL2 dd95_0.001 thres_0.0,2.0,0.0,wf_is_pv2e_p2p,106366.67,1902.64,0.0,1.0,gainAhead_VotingSoft,-1.0,gainAhead_VotingSoft_f105_is44,1.0,1314.00471667,20160609 21:54:00 EDT,,
2016-06-09 00:00:00,0.0502866755399,0.0,0.00114208048144,0.0,109841.54,3860.54,both_gainAhead_VotingSoft DPS wl1.5 maxL2 dd95_0.001 thres_0.0,2.0,0.0,wf_is_pv2e_p2p,106366.67,1902.64,0.0,1.0,gainAhead_VotingSoft,-1.0,gainAhead_VotingSoft_f105_is44,1.0,1357.77318333,20160609 22:37:46 EDT,,
2016-06-09 00:00:00,0.0502866755399,0.0,0.00114208048144,0.0,109841.54,3860.54,both_gainAhead_VotingSoft DPS wl1.5 maxL2 dd95_0.001 thres_0.0,2.0,0.0,wf_is_pv2e_p2p,106366.67,1902.64,0.0,1.0,gainAhead_VotingSoft,-1.0,gainAhead_VotingSoft_f105_is44,1.0,1468.8308,20160610 00:28:49 EDT,,
2016-06-10 00:00:00,-0.0133093477415,0.0,0.00131876094679,6.43662588339,107270.66,-673.94,both_gainAhead_VotingSoft DPS wl2.0 maxL2 dd95_0.001 thres_0.0,1.0,0.0,wf_is_pv2e_p2p,106037.79,-333.13,4.24168138587,1.0,gainAhead_VotingSoft,1.0,gainAhead_VotingSoft_f90_is14,1.0,9.0,20160611 22:19:25 EDT,,
2016-06-13 00:00:00,0.00598764076432,7.09981400211e-05,0.00161514570617,0.0,118822.94,831.29,both_zigZag_PCA10_VotingSoft DPS wl3.0 maxL2 dd95_0.002 thres_0.0,2.0,0.0,wf_is_pv2e_p2p,109919.84,385.85,0.0,1.0,zigZag_PCA10_VotingSoft,-1.0,,1.0,1270.62626667,20160613 21:10:37 EDT,zigZag_PCA10_f10_is14,
2016-06-13 00:00:00,0.00600847508796,4e-05,0.00161514570617,0.0,122048.68,853.86,both_zigZag_PCA10_VotingSoft DPS wl3.0 maxL2 dd95_0.002 thres_0.0,2.0,0.0,wf_is_pv2e_p2p,114386.85,401.53,0.0,1.0,zigZag_PCA10_VotingSoft,-1.0,,1.0,1856.75226667,20160614 06:56:45 EDT,zigZag_PCA10_f10_is14,
2016-06-14 00:00:00,0.0180410780903,3.99996000001e-05,0.00186500961648,10.0792475358,125980.51,433.74,both_zigZag_PCA10_VotingSoft DPS wl4.0 maxL2 dd95_0.002 thres_0.0,2.0,0.0,wf_is_pv2e_p2p,114584.45,197.6,4.58356144852,1.0,zigZag_PCA10_VotingSoft,1.0,,1.0,1259.55006667,20160614 20:59:33 EDT,zigZag_PCA10_f10_is41,
2016-06-15 00:00:00,0.0485150374355,3.99996000001e-05,0.00208514414057,0.0,133118.85,7138.34,both_zigZag_PCA10_VotingSoft DPS wl5.0 maxL2 dd95_0.002 thres_0.0,2.0,0.0,wf_is_pv2e_p2p,117830.76,3246.31,0.0,1.0,zigZag_PCA10_VotingSoft,1.0,,1.0,1566.3084,20160616 02:06:18 EDT,zigZag_PCA10_f10_is14,
2016-06-16 00:00:00,0.0724857300167,0.0,0.00114208048144,0.0,114865.36,5731.52,both_zigZag_VotingSoft DPS wl1.5 maxL2 dd95_0.001 thres_0.0,2.0,0.0,wf_is_pv2e_p2p,108784.98,2783.51,0.0,1.0,zigZag_VotingSoft,-1.0,,1.0,1279.73068333,20160616 21:19:43 EDT,zigZag_VotingSoft_f90_is14,
2016-06-16 00:00:00,0.0724857300167,0.0,0.00114208048144,0.0,118157.55,5895.8,both_zigZag_VotingSoft DPS wl1.5 maxL2 dd95_0.001 thres_0.0,2.0,0.0,wf_is_pv2e_p2p,108784.98,2783.51,0.0,1.0,zigZag_VotingSoft,-1.0,,1.0,1525.85533333,20160617 01:25:51 EDT,zigZag_VotingSoft_f90_is14,
2016-06-17 00:00:00,0.00582580761066,0.0,0.00114208048144,0.0,118667.51,509.96,both_zigZag_VotingSoft DPS wl1.5 maxL2 dd95_0.001 thres_0.0,2.0,0.0,wf_is_pv2e_p2p,109019.73,234.75,0.0,1.0,zigZag_VotingSoft,-1.0,,1.0,50.24,20160618 02:51:42 EDT,zigZag_VotingSoft_f90_is14,
2016-06-17 00:00:00,0.00582580761066,0.0,0.00114208048144,0.0,105352.37,452.74,both_gainAhead_PCA10_VotingSoft DPS wl1.5 maxL2 dd95_0.001 thres_0.0,2.0,0.0,wf_is_pv2e_p2p,103334.77,222.51,0.0,1.0,gainAhead_PCA10_VotingSoft,-1.0,,1.0,2.71,20160619 04:27:53 EDT,gainAhead_PCA10_f10_is14,
2016-06-20 00:00:00,0.0226263695673,7.09986800176e-05,0.00131876094679,8.55260382145,106899.0,3393.87,both_gainAhead_PCA10_VotingSoft DPS wl2.0 maxL2 dd95_0.001 thres_0.0,2.0,0.0,wf_is_pv2e_p2p,105028.98,1694.21,4.20132715398,1.0,gainAhead_PCA10_VotingSoft,1.0,,1.0,1230.77295,20160620 20:30:46 EDT,gainAhead_PCA10_f10_is14,
2016-06-20 00:00:00,0.0226263687371,7.1e-05,0.00131876094679,8.70524081522,108806.8,3454.43,both_gainAhead_PCA10_VotingSoft DPS wl2.0 maxL2 dd95_0.001 thres_0.0,2.0,0.0,wf_is_pv2e_p2p,105028.98,1694.21,4.20132715398,1.0,gainAhead_PCA10_VotingSoft,1.0,,1.0,2580.283,20160621 19:00:16 EDT,gainAhead_PCA10_f10_is14,
2016-06-21 00:00:00,0.0588497414317,6e-05,0.00161514570617,0.0,114229.89,1487.37,both_gainAhead_VotingSoft DPS wl3.0 maxL2 dd95_0.002 thres_0.0,2.0,0.0,wf_is_pv3s_v2v,105199.56,689.38,0.0,1.0,gainAhead_VotingSoft,-1.0,,1.0,1484.59568333,20160622 00:44:35 EDT,gainAhead_VotingSoft_f104_is42,
2016-06-22 00:00:00,0.0525946327753,4e-05,0.00186500961648,0.0,115544.62,1314.73,both_gainAhead_VotingSoft DPS wl4.0 maxL2 dd95_0.002 thres_0.0,2.0,0.0,wf_is_pv3s_v2v,105804.96,605.4,0.0,1.0,gainAhead_VotingSoft,-1.0,,1.0,1263.44513333,20160622 21:03:26 EDT,gainAhead_VotingSoft_f104_is42,
2016-06-22 00:00:00,0.0526571644751,5.9998800008e-05,0.00186500961648,0.0,108658.55,1236.38,both_sellHold DPS wl4.0 maxL2 dd95_0.002 thres_0.0,2.0,0.0,wf_is_pv2e_p2p,106811.55,611.16,0.0,1.0,sellHold,-1.0,,1.0,1675.1413,20160623 03:55:08 EDT,sellHold,
2016-06-23 00:00:00,0.091178166743,4e-05,0.00208514414057,0.0,112335.33,3676.78,both_sellHold DPS wl5.0 maxL2 dd95_0.002 thres_0.0,2.0,0.0,wf_is_pv2e_p2p,108618.69,1807.14,0.0,1.0,sellHold,-1.0,,1.0,1251.57395,20160623 20:51:34 EDT,sellHold,
2016-06-24 00:00:00,0.0737964887751,3.99996e-05,0.00228416096288,0.0,112945.85,610.52,both_sellHold DPS wl6.0 maxL2 dd95_0.002 thres_0.0,2.0,0.0,wf_is_pv2e_p2p,108913.85,295.16,0.0,1.0,sellHold,-1.0,,1.0,1281.8572,20160624 21:21:51 EDT,sellHold,
2016-06-27 00:00:00,0.0285732021588,0.0,0.00246717581898,0.0,107458.99,1633.99,both_zigZag_PCA10_VotingSoft DPS wl7.0 maxL2 dd95_0.002 thres_0.0,2.0,0.0,wf_is_pv2e_p2p,104022.26,796.93,0.0,1.0,zigZag_PCA10_VotingSoft,1.0,,1.0,1259.09756667,20160627 20:59:05 EDT,zigZag_PCA10_f10_is14,
2016-06-27 00:00:00,0.0263306632601,0.0,0.00246717581898,0.0,107458.99,1633.99,both_zigZag_PCA10_VotingSoft DPS wl7.0 maxL2 dd95_0.002 thres_0.0,2.0,0.0,wf_is_pv2e_p2p,104022.26,796.93,0.0,1.0,zigZag_PCA10_VotingSoft,1.0,,1.0,1615.10773333,20160628 02:55:06 EDT,zigZag_PCA10_f10_is14,
2016-06-28 00:00:00,0.0665313148331,0.00718786120254,0.00263752189358,0.0,107204.64,3005.3,both_sellHold DPS wl8.0 maxL2 dd95_0.003 thres_0.0,2.0,0.0,wf_is_pv2e_p2p,103909.66,1477.17,0.0,1.0,sellHold,-1.0,,1.0,1258.24365,20160628 20:58:14 EDT,sellHold,
2016-06-28 00:00:00,-0.00992153159035,0.0,0.00263752189358,3.84696591834,96170.3,-1411.06,both_gainAhead_PCA10_GNBayes DPS wl8.0 maxL2 dd95_0.003 thres_0.0,1.0,0.0,wf_is_short,96168.37,-1411.03,3.84688864894,1.0,gainAhead_PCA10_GNBayes,-1.0,,1.0,1336.55935,20160628 22:16:33 EDT,gainAhead_PCA10_f10_is15,
2016-06-29 00:00:00,-0.00906219386108,0.0,0.00114208048144,0.0,95866.32,-307.83,both_buyHold DPS wl1.5 maxL2 dd95_0.001 thres_0.0,1.0,0.0,wf_is_short,95864.4,-307.82,0.0,1.0,buyHold,1.0,,1.0,1429.03215,20160629 23:49:01 EDT,buyHold,
2016-06-29 00:00:00,0.00872007103676,0.0,0.00114208048144,0.0,106374.38,676.62,both_sellHold DPS wl1.5 maxL2 dd95_0.001 thres_0.0,2.0,0.0,wf_is_pv2e_p2p,104242.25,332.59,0.0,1.0,sellHold,-1.0,,1.0,1525.54808333,20160630 01:25:32 EDT,sellHold,
2016-06-30 00:00:00,0.0351277041845,0.00262444146686,0.0029488391231,0.0,112939.02,5048.11,both_sellHold DPS wl10.0 maxL2 dd95_0.003 thres_0.0,2.0,0.0,wf_is_pv2e_p2p,106680.94,2438.69,0.0,1.0,sellHold,-1.0,,1.0,1271.05138333,20160630 21:11:03 EDT,sellHold,
2016-06-30 00:00:00,-0.0127474195197,0.0,0.0029488391231,0.0,93623.58,-2242.74,both_buyHold DPS wl10.0 maxL2 dd95_0.003 thres_0.0,1.0,0.0,wf_is_short,93621.7,-2242.7,0.0,1.0,buyHold,1.0,,1.0,1363.41983333,20160630 22:43:25 EDT,buyHold,
2016-06-30 00:00:00,0.0324744762017,0.00298080321943,0.0029488391231,0.0,111351.53,4977.15,both_sellHold DPS wl10.0 maxL2 dd95_0.003 thres_0.0,2.0,0.0,wf_is_pv2e_p2p,106680.94,2438.69,0.0,1.0,sellHold,-1.0,,1.0,,20160701 00:12:29 EDT,sellHold,1.0
2016-06-30 00:00:00,-0.00965221186195,0.0,0.0029488391231,0.0,93623.58,-2242.74,both_buyHold DPS wl10.0 maxL2 dd95_0.003 thres_0.0,1.0,0.0,wf_is_short,93621.7,-2242.7,0.0,1.0,buyHold,1.0,,1.0,,20160701 00:16:21 EDT,buyHold,0.5
2016-06-30 00:00:00,0.0324744762017,0.00298080321943,0.0029488391231,0.0,111351.53,4977.15,both_sellHold DPS wl10.0 maxL2 dd95_0.003 thres_0.0,2.0,0.0,wf_is_pv2e_p2p,106680.94,2438.69,0.0,1.0,sellHold,-1.0,,1.0,,20160701 00:17:48 EDT,sellHold,0.75
2016-07-01 00:00:00,0.172339639613,0.00791800691921,0.00309276856414,0.0,117076.76,4137.74,both_sellHold DPS wl11.0 maxL2 dd95_0.003 thres_0.0,2.0,0.0,wf_is_pv2e_p2p,108635.17,1954.23,0.0,1.0,sellHold,-1.0,,1.0,,20160701 20:51:49 EDT,sellHold,1.0
2016-07-01 00:00:00,-0.00985864951274,0.0,0.00309276856414,0.0,91908.54,-1715.04,both_buyHold DPS wl11.0 maxL2 dd95_0.003 thres_0.0,1.0,0.0,wf_is_short,91906.69,-1715.01,0.0,1.0,buyHold,1.0,,1.0,,20160701 20:52:02 EDT,buyHold,0.5
2016-07-01 00:00:00,0.172339639613,0.00791800691921,0.00309276856414,0.0,117076.76,4137.74,both_sellHold DPS wl11.0 maxL2 dd95_0.003 thres_0.0,2.0,0.0,wf_is_pv2e_p2p,108635.17,1954.23,0.0,1.0,sellHold,-1.0,,1.0,,20160701 20:52:16 EDT,sellHold,0.75
2016-07-01 00:00:00,0.0691797868455,0.00312164916376,0.00309276856414,0.0,117076.76,4137.74,both_sellHold DPS wl11.0 maxL2 dd95_0.003 thres_0.0,2.0,0.0,wf_is_pv2e_p2p,108635.17,1954.23,0.0,1.0,sellHold,-1.0,,1.0,,20160704 20:32:31 EDT,sellHold,1.0
2016-07-01 00:00:00,-0.0113979203723,0.0,0.00309276856414,0.0,91908.54,-1715.04,both_buyHold DPS wl11.0 maxL2 dd95_0.003 thres_0.0,1.0,0.0,wf_is_short,91906.69,-1715.01,0.0,1.0,buyHold,1.0,,1.0,,20160704 20:32:53 EDT,buyHold,0.5
2016-07-01 00:00:00,0.0691797868455,0.00312164916376,0.00309276856414,0.0,117076.76,4137.74,both_sellHold DPS wl11.0 maxL2 dd95_0.003 thres_0.0,2.0,0.0,wf_is_pv2e_p2p,108635.17,1954.23,0.0,1.0,sellHold,-1.0,,1.0,,20160704 20:33:05 EDT,sellHold,0.75
2016-07-05 00:00:00,0.0501276086581,0.00600591663084,0.00323029141235,0.0,120213.74,3136.98,both_sellHold DPS wl12.0 maxL2 dd95_0.003 thres_0.0,2.0,0.0,wf_is_pv2e_p2p,110090.57,1455.4,0.0,1.0,sellHold,-1.0,,1.0,,20160705 20:30:04 EDT,sellHold,1.0
2016-07-05 00:00:00,-0.00293889150688,0.0,0.00323029141235,0.0,90677.23,-1231.31,both_buyHold DPS wl12.0 maxL2 dd95_0.003 thres_0.0,1.0,0.0,wf_is_short,90675.4,-1231.29,0.0,1.0,buyHold,1.0,,1.0,,20160705 20:30:33 EDT,buyHold,0.5
2016-07-05 00:00:00,0.0501276086581,0.00600591663084,0.00323029141235,0.0,120213.74,3136.98,both_sellHold DPS wl12.0 maxL2 dd95_0.003 thres_0.0,2.0,0.0,wf_is_pv2e_p2p,110090.57,1455.4,0.0,1.0,sellHold,-1.0,,1.0,,20160705 20:31:15 EDT,sellHold,0.75
2016-07-05 00:00:00,,,,,,,,,,,,,,,,-1.0,,1.0,,20160706 03:32:11 ,,
2016-07-05 00:00:00,,,,,,,,,,,,,,,,-1.0,,1.0,,20160705 22:35:51 ,,
2016-07-05 00:00:00,0.0474572668836,0.00774527653005,0.00323029141235,0.0,120213.74,3136.98,both_sellHold DPS wl12.0 maxL2 dd95_0.003 thres_0.0,2.0,0.0,wf_is_pv2e_p2p,110090.57,1455.4,0.0,1.0,sellHold,-1.0,,1.0,,20160705 23:08:25 EDT,sellHold,1.0
2016-07-05 00:00:00,-0.00305994078398,0.0,0.00323029141235,0.0,90677.23,-1231.31,both_buyHold DPS wl12.0 maxL2 dd95_0.003 thres_0.0,1.0,0.0,wf_is_short,90675.4,-1231.29,0.0,1.0,buyHold,1.0,,1.0,,20160705 23:08:42 EDT,buyHold,0.5
2016-07-05 00:00:00,0.0474572668836,0.00774527653005,0.00323029141235,0.0,120213.74,3136.98,both_sellHold DPS wl12.0 maxL2 dd95_0.003 thres_0.0,2.0,0.0,wf_is_pv2e_p2p,110090.57,1455.4,0.0,1.0,sellHold,-1.0,,1.0,,20160705 23:09:28 EDT,sellHold,0.75
2016-07-05 00:00:00,-0.00305994078398,0.0,0.00323029141235,0.0,90677.23,-1231.31,both_buyHold DPS wl12.0 maxL2 dd95_0.003 thres_0.0,1.0,0.0,wf_is_short,90675.4,-1231.29,0.0,1.0,buyHold,1.0,,1.0,,20160705 23:10:08 EDT,buyHold,0.5
2016-07-06 00:00:00,0.185738011407,5.09993400044e-05,0.00208514414057,10.0274394149,125332.97,6447.39,both_gainAhead_PCA10_VotingSoft DPS wl5.0 maxL2 dd95_0.002 thres_0.0,2.0,0.0,wf_is_pv3s_v2v,112449.55,2968.79,4.49816197245,1.0,gainAhead_PCA10_VotingSoft,-1.0,,1.0,,20160706 21:18:58 EDT,gainAhead_PCA10_f10_is12,1.0
2016-07-06 00:00:00,-0.00846367907359,0.0,0.00208514414057,3.6314082937,90781.58,-2538.01,both_gainAhead_PCA10_VotingSoft DPS wl5.0 maxL2 dd95_0.002 thres_0.0,1.0,0.0,wf_is_pv2e_p2p,90779.76,-2537.96,3.63133552512,1.0,gainAhead_PCA10_VotingSoft,1.0,,1.0,,20160706 21:19:36 EDT,gainAhead_PCA10_f10_is7,0.5
2016-07-06 00:00:00,0.185738011407,5.09993400044e-05,0.00208514414057,10.0274394149,125332.97,6447.39,both_gainAhead_PCA10_VotingSoft DPS wl5.0 maxL2 dd95_0.002 thres_0.0,2.0,0.0,wf_is_pv3s_v2v,112449.55,2968.79,4.49816197245,1.0,gainAhead_PCA10_VotingSoft,-1.0,,1.0,,20160706 21:19:41 EDT,gainAhead_PCA10_f10_is12,0.75
2016-07-06 00:00:00,-0.00846367907359,0.0,0.00208514414057,3.6314082937,90781.58,-2538.01,both_gainAhead_PCA10_VotingSoft DPS wl5.0 maxL2 dd95_0.002 thres_0.0,1.0,0.0,wf_is_pv2e_p2p,90779.76,-2537.96,3.63133552512,1.0,gainAhead_PCA10_VotingSoft,1.0,,1.0,,20160706 21:19:53 EDT,gainAhead_PCA10_f10_is7,0.5
2016-07-06 00:00:00,,,,,,,,,,,,,,,,1.0,,1.0,,20160706 22:18:41 ,,
2016-07-07 00:00:00,-0.00494080853001,0.0,0.00114208048144,6.97320197167,116213.06,-7358.24,both_gainAhead_PCA10_VotingSoft DPS wl1.5 maxL2 dd95_0.001 thres_0.0,1.0,0.0,wf_is_pv3s_v2v,109100.37,-3349.18,4.36418933428,1.0,gainAhead_PCA10_VotingSoft,1.0,,1.0,,20160707 21:51:56 EDT,gainAhead_PCA10_f10_is12,1.0
2016-07-07 00:00:00,0.0820868318004,0.0,0.00114208048144,2.0,93479.88,2698.3,both_gainAhead_PCA10_VotingSoft DPS wl1.5 maxL2 dd95_0.001 thres_0.0,2.0,0.0,wf_is_pv2e_p2p,93480.01,2700.25,0.0,1.0,gainAhead_PCA10_VotingSoft,1.0,,1.0,,20160707 21:52:05 EDT,gainAhead_PCA10_f10_is7,0.5
2016-07-07 00:00:00,0.0820868318004,0.0,0.00114208048144,2.0,93479.88,2698.3,both_gainAhead_PCA10_VotingSoft DPS wl1.5 maxL2 dd95_0.001 thres_0.0,2.0,0.0,wf_is_pv2e_p2p,93480.01,2700.25,0.0,1.0,gainAhead_PCA10_VotingSoft,1.0,,1.0,,20160707 21:52:15 EDT,gainAhead_PCA10_f10_is7,0.75
2016-07-07 00:00:00,0.0820868318004,0.0,0.00114208048144,2.0,93479.88,2698.3,both_gainAhead_PCA10_VotingSoft DPS wl1.5 maxL2 dd95_0.001 thres_0.0,2.0,0.0,wf_is_pv2e_p2p,93480.01,2700.25,0.0,1.0,gainAhead_PCA10_VotingSoft,1.0,,1.0,,20160707 21:52:20 EDT,gainAhead_PCA10_f10_is7,0.5
2016-07-07 00:00:00,,,,,,,,,,,,,,,,-1.0,,1.0,,20160707 22:03:02 ,,
2016-07-08 00:00:00,0.105966020847,7.99989200144e-05,0.00131876094679,2.37220095681,118607.68,2966.86,both_zigZag_PCA10_VotingSoft DPS wl2.0 maxL2 dd95_0.001 thres_0.0,2.0,0.0,wf_is_pv2e_p2p,111017.97,2779.17,0.0,1.0,zigZag_PCA10_VotingSoft,-1.0,,1.0,,20160708 20:54:14 EDT,zigZag_PCA10_f10_is14,1.0
2016-07-08 00:00:00,-0.00590250106175,0.0,0.00131876094679,2.0,89153.59,-4828.21,both_gainAhead_PCA10_VotingSoft DPS wl2.0 maxL2 dd95_0.001 thres_0.0,1.0,0.0,wf_is_pv2e_p2p,91568.8,-2413.11,0.0,1.0,gainAhead_PCA10_VotingSoft,1.0,,1.0,,20160708 20:55:27 EDT,gainAhead_PCA10_f10_is14,0.5
2016-07-08 00:00:00,-0.00590250106175,0.0,0.00131876094679,2.0,89153.59,-4828.21,both_gainAhead_PCA10_VotingSoft DPS wl2.0 maxL2 dd95_0.001 thres_0.0,1.0,0.0,wf_is_pv2e_p2p,91568.8,-2413.11,0.0,1.0,gainAhead_PCA10_VotingSoft,1.0,,1.0,,20160708 20:57:10 EDT,gainAhead_PCA10_f10_is14,0.75
2016-07-08 00:00:00,-0.00590250106175,0.0,0.00131876094679,2.0,89153.59,-4828.21,both_gainAhead_PCA10_VotingSoft DPS wl2.0 maxL2 dd95_0.001 thres_0.0,1.0,0.0,wf_is_pv2e_p2p,91568.8,-2413.11,0.0,1.0,gainAhead_PCA10_VotingSoft,1.0,,1.0,,20160708 21:00:14 EDT,gainAhead_PCA10_f10_is14,0.5
2016-07-08 00:00:00,,,,,,,,,,,,,,,,1.0,,1.0,,20160710 04:45:54 ,,
2016-07-11 00:00:00,-0.00227461059883,0.0,0.00161514570617,6.78668243181,113104.59,-1298.87,both_gainAhead_GNBayes DPS wl3.0 maxL2 dd95_0.002 thres_0.0,1.0,0.0,wf_is_short,107863.49,-616.91,4.314712192,1.0,gainAhead_GNBayes,1.0,,1.0,,20160711 20:53:45 EDT,gainAhead_GNBayes_f86_is23,1.0
2016-07-11 00:00:00,-0.00113327727579,0.0,0.00161514570617,3.69930046174,92478.81,515.62,both_zigZag_PCA10_GNBayes DPS wl3.0 maxL2 dd95_0.002 thres_0.0,1.0,0.0,wf_is_short,92476.96,515.61,3.69922644612,1.0,zigZag_PCA10_GNBayes,-1.0,,1.0,,20160711 20:54:32 EDT,zigZag_PCA10_f10_is23,0.5
2016-07-11 00:00:00,-0.00113327727579,0.0,0.00161514570617,3.69930046174,92478.81,515.62,both_zigZag_PCA10_GNBayes DPS wl3.0 maxL2 dd95_0.002 thres_0.0,1.0,0.0,wf_is_short,92476.96,515.61,3.69922644612,1.0,zigZag_PCA10_GNBayes,-1.0,,1.0,,20160711 20:54:52 EDT,zigZag_PCA10_f10_is23,0.75
2016-07-11 00:00:00,-0.00113327727579,0.0,0.00161514570617,3.69930046174,92478.81,515.62,both_zigZag_PCA10_GNBayes DPS wl3.0 maxL2 dd95_0.002 thres_0.0,1.0,0.0,wf_is_short,92476.96,515.61,3.69922644612,1.0,zigZag_PCA10_GNBayes,-1.0,,1.0,,20160711 20:55:30 EDT,zigZag_PCA10_f10_is23,0.5
2016-07-11 00:00:00,,,,,,,,,,,,,,,,-1.0,,1.0,,20160711 21:48:35 ,,
2016-07-11 00:00:00,,,,,,,,,,,,,,,,1.0,,1.0,,20160712 05:20:02 ,,
2016-07-12 00:00:00,-0.0024292251918,0.0,0.00131876094679,0.0,113051.66,-52.93,both_gainAhead_PCA10_GNBayes DPS wl2.0 maxL2 dd95_0.001 thres_0.0,1.0,0.0,wf_is_short,107813.02,-50.47,0.0,1.0,gainAhead_PCA10_GNBayes,1.0,,1.0,,20160712 21:09:59 EDT,gainAhead_PCA10_f10_is5,1.0
2016-07-12 00:00:00,0.00144958609201,0.0001,0.00131876094679,5.55132510379,92516.53,37.72,both_zigZag_PCA10_GNBayes DPS wl2.0 maxL2 dd95_0.001 thres_0.0,2.0,0.0,wf_is_short,92516.53,39.57,3.7008093679,1.0,zigZag_PCA10_GNBayes,1.0,,1.0,,20160712 21:10:06 EDT,zigZag_PCA10_f10_is5,0.5
2016-07-12 00:00:00,0.00144958609201,0.0001,0.00131876094679,5.55132510379,92516.53,37.72,both_zigZag_PCA10_GNBayes DPS wl2.0 maxL2 dd95_0.001 thres_0.0,2.0,0.0,wf_is_short,92516.53,39.57,3.7008093679,1.0,zigZag_PCA10_GNBayes,1.0,,1.0,,20160712 21:10:58 EDT,zigZag_PCA10_f10_is5,0.75
2016-07-12 00:00:00,0.00144958609201,0.0001,0.00131876094679,5.55132510379,92516.53,37.72,both_zigZag_PCA10_GNBayes DPS wl2.0 maxL2 dd95_0.001 thres_0.0,2.0,0.0,wf_is_short,92516.53,39.57,3.7008093679,1.0,zigZag_PCA10_GNBayes,1.0,,1.0,,20160712 21:11:25 EDT,zigZag_PCA10_f10_is5,0.5
2016-07-13 00:00:00,-0.00171669488257,0.0,0.00161514570617,0.0,113051.66,0.0,both_gainAhead_PCA10_GNBayes DPS wl3.0 maxL2 dd95_0.002 thres_0.0,1.0,0.0,wf_is_short,107813.02,0.0,0.0,1.0,gainAhead_PCA10_GNBayes,1.0,,1.0,,20160713 21:33:50 EDT,gainAhead_PCA10_f10_is6,1.0
2016-07-13 00:00:00,0.00031654909034,9.9998200036e-05,0.00161514570617,0.0,92516.53,0.0,both_zigZag_PCA10_GNBayes DPS wl3.0 maxL2 dd95_0.002 thres_0.0,2.0,0.0,wf_is_short,92516.53,0.0,0.0,1.0,zigZag_PCA10_GNBayes,1.0,,1.0,,20160713 21:35:40 EDT,zigZag_PCA10_f10_is6,0.5
2016-07-13 00:00:00,0.00031654909034,9.9998200036e-05,0.00161514570617,0.0,92516.53,0.0,both_zigZag_PCA10_GNBayes DPS wl3.0 maxL2 dd95_0.002 thres_0.0,2.0,0.0,wf_is_short,92516.53,0.0,0.0,1.0,zigZag_PCA10_GNBayes,1.0,,1.0,,20160713 21:35:58 EDT,zigZag_PCA10_f10_is6,0.75
2016-07-13 00:00:00,0.00031654909034,9.9998200036e-05,0.00161514570617,0.0,92516.53,0.0,both_zigZag_PCA10_GNBayes DPS wl3.0 maxL2 dd95_0.002 thres_0.0,2.0,0.0,wf_is_short,92516.53,0.0,0.0,1.0,zigZag_PCA10_GNBayes,1.0,,1.0,,20160713 21:36:11 EDT,zigZag_PCA10_f10_is6,0.5
2016-07-14 00:00:00,0.0164027048674,0.00588402533579,0.00228416096288,6.83333715084,113882.12,892.43,both_gainAhead_GNBayes DPS wl6.0 maxL2 dd95_0.002 thres_0.0,2.0,0.0,wf_is_short,108662.38,853.68,4.34666912172,1.0,gainAhead_GNBayes,1.0,,1.0,,20160714 20:43:59 EDT,gainAhead_GNBayes_f86_is26,1.0
2016-07-14 00:00:00,-0.00542090395701,0.0,0.00228416096288,3.6711290088,91774.55,-739.98,both_zigZag_PCA10_GNBayes DPS wl6.0 maxL2 dd95_0.002 thres_0.0,1.0,0.0,wf_is_short,91776.54,-739.99,3.6712083721,1.0,zigZag_PCA10_GNBayes,-1.0,,1.0,,20160714 20:46:15 EDT,zigZag_PCA10_f10_is26,0.5
2016-07-14 00:00:00,-0.00542090395701,0.0,0.00228416096288,3.6711290088,91774.55,-739.98,both_zigZag_PCA10_GNBayes DPS wl6.0 maxL2 dd95_0.002 thres_0.0,1.0,0.0,wf_is_short,91776.54,-739.99,3.6712083721,1.0,zigZag_PCA10_GNBayes,-1.0,,1.0,,20160714 20:48:00 EDT,zigZag_PCA10_f10_is26,0.75
2016-07-14 00:00:00,-0.00542090395701,0.0,0.00228416096288,3.6711290088,91774.55,-739.98,both_zigZag_PCA10_GNBayes DPS wl6.0 maxL2 dd95_0.002 thres_0.0,1.0,0.0,wf_is_short,91776.54,-739.99,3.6712083721,1.0,zigZag_PCA10_GNBayes,-1.0,,1.0,,20160714 20:48:16 EDT,zigZag_PCA10_f10_is26,0.5
2016-07-15 00:00:00,0.041855149275,0.00328415732805,0.00246717581898,0.0,104524.59,1459.16,both_sellHold DPS wl7.0 maxL2 dd95_0.002 thres_0.0,2.0,0.0,wf_is_pv2e_p2p,103574.21,728.03,0.0,1.0,sellHold,-1.0,,1.0,,20160715 21:07:57 EDT,sellHold,1.0
2016-07-15 00:00:00,-0.00927977001035,0.0,0.00246717581898,0.0,95378.46,-679.98,both_gainAhead_PCA10_VotingSoft DPS wl7.0 maxL2 dd95_0.002 thres_0.0,1.0,0.0,wf_is_pv3s_v2v,95376.54,-679.97,0.0,1.0,gainAhead_PCA10_VotingSoft,1.0,,1.0,,20160715 21:08:47 EDT,gainAhead_PCA10_f10_is26,0.5
2016-07-15 00:00:00,0.041855149275,0.00328415732805,0.00246717581898,0.0,104524.59,1459.16,both_sellHold DPS wl7.0 maxL2 dd95_0.002 thres_0.0,2.0,0.0,wf_is_pv2e_p2p,103574.21,728.03,0.0,1.0,sellHold,-1.0,,1.0,,20160715 21:10:20 EDT,sellHold,0.75
2016-07-15 00:00:00,-0.00927977001035,0.0,0.00246717581898,0.0,95378.46,-679.98,both_gainAhead_PCA10_VotingSoft DPS wl7.0 maxL2 dd95_0.002 thres_0.0,1.0,0.0,wf_is_pv3s_v2v,95376.54,-679.97,0.0,1.0,gainAhead_PCA10_VotingSoft,1.0,,1.0,,20160715 21:12:22 EDT,gainAhead_PCA10_f10_is26,0.5
2016-07-18 00:00:00,,,,,,,,,,,,,,,,1.0,,1.0,,20160718 21:48:42 ,,
2016-07-19 00:00:00,,,,,,,,,,,,,,,,-1.0,,1.0,,20160719 21:16:20 ,,
2016-07-20 00:00:00,,,,,,,,,,,,,,,,-1.0,,1.0,,20160720 22:05:53 ,,
2016-07-21 00:00:00,,,,,,,,,,,,,,,,1.0,,1.0,,20160721 21:43:31 ,,
2016-07-22 00:00:00,,,,,,,,,,,,,,,,-1.0,,1.0,,20160722 22:38:41 ,,
2016-07-22 00:00:00,,,,,,,,,,,,,,,,-1.0,,1.0,,20160724 08:59:08 ,,
2016-07-25 00:00:00,,,,,,,,,,,,,,,,-1.0,,1.0,,20160725 21:58:57 ,,
2016-07-26 00:00:00,,,,,,,,,,,,,,,,1.0,,1.0,,20160726 21:29:02 ,,
2016-07-27 00:00:00,,,,,,,,,,,,,,,,1.0,,1.0,,20160727 23:06:34 ,,
2016-07-27 00:00:00,,,,,,,,,,,,,,,,1.0,,1.0,,20160727 23:22:30 ,,
2016-07-28 00:00:00,,,,,,,,,,,,,,,,-1.0,,1.0,,20160728 21:42:20 ,,
2016-07-29 00:00:00,,,,,,,,,,,,,,,,-1.0,,1.0,,20160730 00:20:55 ,,
2016-07-29 00:00:00,,,,,,,,,,,,,,,,-1.0,,1.0,,20160730 01:12:30 ,,
2016-07-29 00:00:00,,,,,,,,,,,,,,,,1.0,,1.0,,20160730 01:27:20 ,,
2016-07-29 00:00:00,,,,,,,,,,,,,,,,1.0,,1.0,,20160730 08:13:02 ,,
2016-08-01 00:00:00,,,,,,,,,,,,,,,,1.0,,1.0,,20160802 00:19:15 ,,
2016-08-02 00:00:00,,,,,,,,,,,,,,,,1.0,,1.0,,20160802 22:44:17 ,,
2016-08-03 00:00:00,,,,,,,,,,,,,,,,1.0,,1.0,,20160804 00:09:05 ,,
2016-08-04 00:00:00,,,,,,,,,,,,,,,,-1.0,,1.0,,20160804 21:39:35 ,,
2016-08-04 00:00:00,,,,,,,,,,,,,,,,-1.0,,1.0,,20160805 00:30:26 ,,
2016-08-05 00:00:00,,,,,,,,,,,,,,,,-1.0,,1.0,,20160806 01:41:41 ,,
2016-08-08 00:00:00,,,,,,,,,,,,,,,,1.0,,1.0,,20160808 22:38:26 ,,
2016-08-09 00:00:00,,,,,,,,,,,,,,,,1.0,,1.0,,20160809 22:28:51 ,,
2016-08-10 00:00:00,,,,,,,,,,,,,,,,1.0,,1.0,,20160811 00:45:49 ,,
2016-08-11 00:00:00,,,,,,,,,,,,,,,,-1.0,,1.0,,20160811 22:26:08 ,,
2016-08-12 00:00:00,,,,,,,,,,,,,,,,1.0,,1.0,,20160813 01:12:30 ,,
2016-08-12 00:00:00,,,,,,,,,,,,,,,,1.0,,1.0,,20160815 01:22:01 ,,
2016-08-15 00:00:00,,,,,,,,,,,,,,,,1.0,,1.0,,20160815 22:10:45 ,,
2016-08-15 00:00:00,,,,,,,,,,,,,,,,1.0,,1.0,,20160816 07:20:59 ,,
2016-08-16 00:00:00,,,,,,,,,,,,,,,,-1.0,,1.0,,20160816 22:10:41 ,,
2016-08-17 00:00:00,,,,,,,,,,,,,,,,1.0,,1.0,,20160817 23:30:04 ,,
2016-08-17 00:00:00,,,,,,,,,,,,,,,,1.0,,1.0,,20160817 23:36:57 ,,
2016-08-18 00:00:00,,,,,,,,,,,,,,,,-1.0,,1.0,,20160818 22:38:03 ,,
2016-08-19 00:00:00,,,,,,,,,,,,,,,,1.0,,1.0,,20160820 20:32:20 ,,
2016-08-19 00:00:00,,,,,,,,,,,,,,,,1.0,,1.0,,20160821 02:41:41 ,,
2016-08-22 00:00:00,,,,,,,,,,,,,,,,-1.0,,1.0,,20160823 00:37:11 ,,
2016-08-22 00:00:00,,,,,,,,,,,,,,,,-1.0,,1.0,,20160823 02:20:52 ,,
2016-08-23 00:00:00,,,,,,,,,,,,,,,,-1.0,,1.0,,20160823 22:32:46 ,,
2016-08-23 00:00:00,,,,,,,,,,,,,,,,-1.0,,1.0,,20160823 22:42:00 ,,
2016-08-24 00:00:00,,,,,,,,,,,,,,,,1.0,,1.0,,20160824 23:59:52 ,,
2016-08-25 00:00:00,,,,,,,,,,,,,,,,-1.0,,1.0,,20160825 22:05:39 ,,
2016-08-26 00:00:00,,,,,,,,,,,,,,,,-1.0,,1.0,,20160827 01:01:38 ,,
2016-08-26 00:00:00,,,,,,,,,,,,,,,,-1.0,,1.0,,20160829 04:26:33 ,,
2016-08-29 00:00:00,,,,,,,,,,,,,,,,1.0,,1.0,,20160830 00:36:45 ,,
2016-08-30 00:00:00,,,,,,,,,,,,,,,,1.0,,1.0,,20160830 22:49:02 ,,
2016-08-31 00:00:00,,,,,,,,,,,,,,,,1.0,,1.0,,20160831 23:23:46 ,,
2016-09-01 00:00:00,,,,,,,,,,,,,,,,1.0,,1.0,,20160901 23:06:51 ,,
2016-09-01 00:00:00,,,,,,,,,,,,,,,,1.0,,1.0,,20160902 00:55:12 ,,
2016-09-02 00:00:00,,,,,,,,,,,,,,,,-1.0,,1.0,,20160903 00:33:23 ,,
2016-09-05 00:00:00,,,,,,,,,,,,,,,,-1.0,,1.0,,20160905 22:07:33 ,,
2016-09-06 00:00:00,,,,,,,,,,,,,,,,1.0,,1.0,,20160906 22:05:43 ,,
2016-09-07 00:00:00,,,,,,,,,,,,,,,,1.0,,1.0,,20160907 23:30:01 ,,
2016-09-08 00:00:00,,,,,,,,,,,,,,,,1.0,,1.0,,20160908 21:59:23 ,,
2016-09-09 00:00:00,,,,,,,,,,,,,,,,1.0,,1.0,,20160910 00:30:33 ,,
2016-09-12 00:00:00,,,,,,,,,,,,,,,,1.0,,1.0,,20160912 23:53:45 ,,
2016-09-12 00:00:00,,,,,,,,,,,,,,,,-1.0,,1.0,,20160913 00:31:34 ,,
2016-09-13 00:00:00,,,,,,,,,,,,,,,,-1.0,,1.0,,20160913 21:57:41 ,,
2016-09-14 00:00:00,,,,,,,,,,,,,,,,-1.0,,1.0,,20160915 00:32:09 ,,
2016-09-15 00:00:00,,,,,,,,,,,,,,,,1.0,,1.0,,20160915 22:32:49 ,,
2016-09-15 00:00:00,,,,,,,,,,,,,,,,1.0,,1.0,,20160916 01:46:09 ,,
2016-09-16 00:00:00,,,,,,,,,,,,,,,,-1.0,,1.0,,20160916 23:17:39 ,,
2016-09-19 00:00:00,,,,,,,,,,,,,,,,1.0,,1.0,,20160919 21:46:06 ,,
2016-09-19 00:00:00,,,,,,,,,,,,,,,,1.0,,1.0,,20160919 22:02:03 ,,
2016-09-20 00:00:00,,,,,,,,,,,,,,,,-1.0,,1.0,,20160920 21:42:19 ,,
2016-09-21 00:00:00,,,,,,,,,,,,,,,,-1.0,,1.0,,20160921 23:21:49 ,,
2016-09-21 00:00:00,,,,,,,,,,,,,,,,-1.0,,1.0,,20160921 23:28:36 ,,
2016-09-22 00:00:00,,,,,,,,,,,,,,,,0.0,,1.0,,20160922 22:02:00 ,,
2016-09-23 00:00:00,,,,,,,,,,,,,,,,1.0,,1.0,,20160923 21:22:11 ,,
2016-09-26 00:00:00,,,,,,,,,,,,,,,,1.0,,1.0,,20160926 21:34:38 ,,
2016-09-27 00:00:00,,,,,,,,,,,,,,,,1.0,,1.0,,20160927 21:18:27 ,,
2016-09-28 00:00:00,,,,,,,,,,,,,,,,1.0,,1.0,,20160929 00:17:43 ,,
2016-09-29 00:00:00,,,,,,,,,,,,,,,,-1.0,,1.0,,20160929 21:11:15 ,,
2016-09-30 00:00:00,,,,,,,,,,,,,,,,1.0,,1.0,,20160930 23:58:48 ,,
2016-10-03 00:00:00,,,,,,,,,,,,,,,,0.0,,1.0,,20161003 22:37:02 ,,
2016-10-04 00:00:00,,,,,,,,,,,,,,,,0.0,,1.0,,20161004 22:14:44 ,,
2016-10-04 00:00:00,,,,,,,,,,,,,,,,1.0,,1.0,,20161004 22:17:29 ,,
2016-10-05 00:00:00,,,,,,,,,,,,,,,,1.0,,1.0,,20161005 23:22:52 ,,
2016-10-06 00:00:00,,,,,,,,,,,,,,,,1.0,,1.0,,20161006 21:58:06 ,,
2016-10-06 00:00:00,,,,,,,,,,,,,,,,1.0,,1.0,,20161006 22:56:39 ,,
2016-10-06 00:00:00,,,,,,,,,,,,,,,,1.0,,1.0,,20161007 00:15:28 ,,
2016-10-07 00:00:00,,,,,,,,,,,,,,,,1.0,,1.0,,20161007 22:13:23 ,,
2016-10-10 00:00:00,,,,,,,,,,,,,,,,-1.0,,1.0,,20161010 21:39:07 ,,
2016-10-10 00:00:00,,,,,,,,,,,,,,,,-1.0,,1.0,,20161010 21:43:05 ,,
2016-10-11 00:00:00,,,,,,,,,,,,,,,,0.0,,1.0,,20161011 23:18:39 ,,
2016-10-11 00:00:00,,,,,,,,,,,,,,,,0.0,,1.0,,20161012 04:07:21 ,,
2016-10-12 00:00:00,,,,,,,,,,,,,,,,-1.0,,1.0,,20161013 00:01:07 ,,
2016-10-13 00:00:00,,,,,,,,,,,,,,,,1.0,,1.0,,20161013 21:13:37 ,,
2016-10-13 00:00:00,,,,,,,,,,,,,,,,1.0,,1.0,,20161013 23:42:46 ,,
2016-10-13 00:00:00,,,,,,,,,,,,,,,,1.0,,1.0,,20161013 23:51:01 ,,
2016-10-14 00:00:00,,,,,,,,,,,,,,,,-1.0,,1.0,,20161014 22:07:35 ,,
2016-10-14 00:00:00,,,,,,,,,,,,,,,,-1.0,,1.0,,20161016 04:10:39 ,,
2016-10-17 00:00:00,,,,,,,,,,,,,,,,-1.0,,1.0,,20161017 21:27:56 ,,
2016-10-18 00:00:00,,,,,,,,,,,,,,,,-1.0,,1.0,,20161018 23:51:02 ,,
2016-10-19 00:00:00,,,,,,,,,,,,,,,,1.0,,1.0,,20161020 00:00:25 ,,
2016-10-19 00:00:00,,,,,,,,,,,,,,,,1.0,,1.0,,20161020 01:00:22 ,,
2016-10-20 00:00:00,,,,,,,,,,,,,,,,1.0,,1.0,,20161020 22:23:05 ,,
2016-10-21 00:00:00,,,,,,,,,,,,,,,,0.0,,1.0,,20161021 22:28:54 ,,
2016-10-24 00:00:00,,,,,,,,,,,,,,,,1.0,,1.0,,20161024 21:30:14 ,,
2016-10-25 00:00:00,,,,,,,,,,,,,,,,-1.0,,1.0,,20161025 21:48:16 ,,
2016-10-26 00:00:00,,,,,,,,,,,,,,,,0.0,,1.0,,20161026 23:46:24 ,,
2016-10-27 00:00:00,,,,,,,,,,,,,,,,-1.0,,1.0,,20161027 21:35:21 ,,
2016-10-28 00:00:00,,,,,,,,,,,,,,,,0.0,,1.0,,20161028 22:16:15 ,,
2016-10-31 00:00:00,,,,,,,,,,,,,,,,1.0,,1.0,,20161031 22:06:46 ,,
2016-10-31 00:00:00,,,,,,,,,,,,,,,,1.0,,1.0,,20161031 22:12:08 ,,
2016-11-01 00:00:00,,,,,,,,,,,,,,,,-1.0,,1.0,,20161101 22:11:55 ,,
2016-11-02 00:00:00,,,,,,,,,,,,,,,,1.0,,1.0,,20161102 23:32:43 ,,
2016-11-03 00:00:00,,,,,,,,,,,,,,,,1.0,,1.0,,20161103 22:56:32 ,,
2016-11-04 00:00:00,,,,,,,,,,,,,,,,-1.0,,1.0,,20161104 23:39:55 ,,
2016-11-04 00:00:00,,,,,,,,,,,,,,,,-1.0,,1.0,,20161104 23:40:40 ,,
2016-11-07 00:00:00,,,,,,,,,,,,,,,,1.0,,1.0,,20161107 21:41:57 ,,
2016-11-08 00:00:00,,,,,,,,,,,,,,,,1.0,,1.0,,20161108 22:28:53 ,,
2016-11-09 00:00:00,,,,,,,,,,,,,,,,1.0,,1.0,,20161109 22:36:03 ,,
2016-11-10 00:00:00,,,,,,,,,,,,,,,,1.0,,1.0,,20161110 21:39:08 ,,
2016-11-10 00:00:00,,,,,,,,,,,,,,,,1.0,,1.0,,20161110 21:39:53 ,,
2016-11-11 00:00:00,,,,,,,,,,,,,,,,1.0,,1.0,,20161112 05:48:11 ,,
2016-11-11 00:00:00,,,,,,,,,,,,,,,,1.0,,1.0,,20161112 05:58:12 ,,
2016-11-14 00:00:00,,,,,,,,,,,,,,,,0.0,,1.0,,20161114 22:26:53 ,,
2016-11-15 00:00:00,,,,,,,,,,,,,,,,1.0,,1.0,,20161115 21:52:43 ,,
2016-11-16 00:00:00,,,,,,,,,,,,,,,,1.0,,1.0,,20161116 23:26:06 ,,
2016-11-17 00:00:00,,,,,,,,,,,,,,,,1.0,,1.0,,20161117 22:47:25 ,,
2016-11-17 00:00:00,,,,,,,,,,,,,,,,-1.0,,1.0,,20161118 04:34:33 ,,
2016-11-17 00:00:00,,,,,,,,,,,,,,,,-1.0,,1.0,,20161118 13:30:20 ,,
2016-11-18 00:00:00,,,,,,,,,,,,,,,,-1.0,,1.0,,20161121 13:30:19 ,,
2016-11-21 00:00:00,,,,,,,,,,,,,,,,-1.0,,1.0,,20161121 23:33:22 ,,
2016-11-21 00:00:00,,,,,,,,,,,,,,,,-1.0,,1.0,,20161122 00:26:49 ,,
2016-11-21 00:00:00,,,,,,,,,,,,,,,,1.0,,1.0,,20161122 13:30:20 ,,
2016-11-22 00:00:00,,,,,,,,,,,,,,,,1.0,,1.0,,20161123 13:30:17 ,,
2016-11-25 00:00:00,,,,,,,,,,,,,,,,-1.0,,1.0,,20161128 13:30:18 ,,
2016-11-28 00:00:00,,,,,,,,,,,,,,,,1.0,,1.0,,20161129 13:30:13 ,,
2016-11-29 00:00:00,,,,,,,,,,,,,,,,1.0,,1.0,,20161129 23:14:15 ,,
2016-11-29 00:00:00,,,,,,,,,,,,,,,,1.0,,1.0,,20161130 13:30:19 ,,
2016-11-30 00:00:00,,,,,,,,,,,,,,,,1.0,,1.0,,20161130 22:51:05 ,,
2016-11-30 00:00:00,,,,,,,,,,,,,,,,1.0,,1.0,,20161201 13:30:16 ,,
2016-12-01 00:00:00,,,,,,,,,,,,,,,,1.0,,1.0,,20161201 22:51:36 ,,
2016-12-01 00:00:00,,,,,,,,,,,,,,,,-1.0,,1.0,,20161202 13:30:17 ,,
2016-12-02 00:00:00,,,,,,,,,,,,,,,,-1.0,,1.0,,20161202 22:41:37 ,,
2016-12-02 00:00:00,,,,,,,,,,,,,,,,-1.0,,1.0,,20161205 13:30:15 ,,
2016-12-05 00:00:00,,,,,,,,,,,,,,,,1.0,,1.0,,20161205 22:29:24 ,,
2016-12-05 00:00:00,,,,,,,,,,,,,,,,1.0,,1.0,,20161206 13:30:16 ,,
2016-12-06 00:00:00,,,,,,,,,,,,,,,,1.0,,1.0,,20161207 13:30:18 ,,
2016-12-07 00:00:00,,,,,,,,,,,,,,,,1.0,,1.0,,20161207 23:38:40 ,,
2016-12-07 00:00:00,,,,,,,,,,,,,,,,1.0,,1.0,,20161208 13:30:12 ,,
2016-12-08 00:00:00,,,,,,,,,,,,,,,,1.0,,1.0,,20161209 13:30:17 ,,
2016-12-09 00:00:00,,,,,,,,,,,,,,,,1.0,,1.0,,20161212 07:09:40 ,,
2016-12-09 00:00:00,,,,,,,,,,,,,,,,1.0,,1.0,,20161212 13:30:18 ,,
2016-12-13 00:00:00,,,,,,,,,,,,,,,,1.0,,1.0,,20161214 04:48:51 ,,
2016-12-14 00:00:00,,,,,,,,,,,,,,,,1.0,,1.0,,20161215 07:21:24 ,,
2016-12-14 00:00:00,,,,,,,,,,,,,,,,1.0,,1.0,,20161215 18:10:13 ,,
2016-12-15 00:00:00,,,,,,,,,,,,,,,,1.0,,1.0,,20161215 21:13:37 ,,
2016-12-15 00:00:00,,,,,,,,,,,,,,,,1.0,,1.0,,20161216 13:30:21 ,,
2016-12-16 00:00:00,,,,,,,,,,,,,,,,1.0,,1.0,,20161216 23:10:13 ,,
2016-12-19 00:00:00,,,,,,,,,,,,,,,,1.0,,1.0,,20161220 01:32:22 ,,
2016-12-19 00:00:00,,,,,,,,,,,,,,,,1.0,,1.0,,20161220 03:53:02 ,,
2016-12-19 00:00:00,,,,,,,,,,,,,,,,-1.0,,1.0,,20161220 14:30:16 ,,
2016-12-20 00:00:00,,,,,,,,,,,,,,,,-1.0,,1.0,,20161220 21:10:21 ,,
2016-12-20 00:00:00,,,,,,,,,,,,,,,,1.0,,1.0,,20161221 13:30:22 ,,
2016-12-21 00:00:00,,,,,,,,,,,,,,,,1.0,,1.0,,20161221 21:21:50 ,,
2016-12-21 00:00:00,,,,,,,,,,,,,,,,-1.0,,1.0,,20161222 13:30:17 ,,
2016-12-22 00:00:00,,,,,,,,,,,,,,,,-1.0,,1.0,,20161222 21:16:53 ,,
2016-12-22 00:00:00,,,,,,,,,,,,,,,,1.0,,1.0,,20161223 05:34:45 ,,
2016-12-23 00:00:00,,,,,,,,,,,,,,,,1.0,,1.0,,20161223 22:56:16 ,,
2016-12-27 00:00:00,,,,,,,,,,,,,,,,1.0,,1.0,,20161228 01:58:57 ,,
2016-12-28 00:00:00,,,,,,,,,,,,,,,,1.0,,1.0,,20161228 21:20:55 ,,
2016-12-29 00:00:00,,,,,,,,,,,,,,,,1.0,,1.0,,20161230 02:09:06 ,,
2016-12-29 00:00:00,,,,,,,,,,,,,,,,1.0,,1.0,,20161230 04:28:16 ,,
2016-12-29 00:00:00,,,,,,,,,,,,,,,,1.0,,1.0,,20161230 04:38:58 ,,
2016-12-30 00:00:00,,,,,,,,,,,,,,,,1.0,,1.0,,20161231 01:25:55 ,,
2017-01-03 00:00:00,,,,,,,,,,,,,,,,1.0,,1.0,,20170103 22:52:34 ,,
2017-01-04 00:00:00,,,,,,,,,,,,,,,,1.0,,1.0,,20170104 23:26:07 ,,
2017-01-05 00:00:00,,,,,,,,,,,,,,,,1.0,,1.0,,20170105 21:10:58 ,,
2017-01-06 00:00:00,,,,,,,,,,,,,,,,1.0,,1.0,,20170106 21:00:25 ,,
2017-01-09 00:00:00,,,,,,,,,,,,,,,,1.0,,1.0,,20170109 22:42:58 ,,
2017-01-10 00:00:00,,,,,,,,,,,,,,,,1.0,,1.0,,20170111 01:51:01 ,,
2017-01-11 00:00:00,,,,,,,,,,,,,,,,1.0,,1.0,,20170111 22:03:53 ,,
2017-01-12 00:00:00,,,,,,,,,,,,,,,,1.0,,1.0,,20170112 21:49:48 ,,
2017-01-13 00:00:00,,,,,,,,,,,,,,,,1.0,,1.0,,20170113 21:07:46 ,,
2017-01-17 00:00:00,,,,,,,,,,,,,,,,1.0,,1.0,,20170117 22:09:49 ,,
2017-01-18 00:00:00,,,,,,,,,,,,,,,,1.0,,1.0,,20170119 19:37:56 ,,
2017-01-19 00:00:00,,,,,,,,,,,,,,,,1.0,,1.0,,20170119 21:30:25 ,,
2017-01-20 00:00:00,,,,,,,,,,,,,,,,1.0,,1.0,,20170120 23:16:47 ,,
2017-01-23 00:00:00,,,,,,,,,,,,,,,,1.0,,1.0,,20170123 20:46:35 ,,
2017-01-24 00:00:00,,,,,,,,,,,,,,,,1.0,,1.0,,20170124 20:54:30 ,,
2017-01-25 00:00:00,,,,,,,,,,,,,,,,1.0,,1.0,,20170125 20:50:16 ,,
2017-01-26 00:00:00,,,,,,,,,,,,,,,,1.0,,1.0,,20170126 20:49:55 ,,
2017-01-27 00:00:00,,,,,,,,,,,,,,,,1.0,,1.0,,20170127 20:49:16 ,,
2017-01-30 00:00:00,,,,,,,,,,,,,,,,1.0,,1.0,,20170130 20:49:31 ,,
2017-01-31 00:00:00,,,,,,,,,,,,,,,,1.0,,1.0,,20170131 20:52:17 ,,
2017-02-01 00:00:00,,,,,,,,,,,,,,,,1.0,,1.0,,20170202 02:38:45 ,,
2017-02-02 00:00:00,,,,,,,,,,,,,,,,1.0,,1.0,,20170202 20:48:37 ,,
2017-02-03 00:00:00,,,,,,,,,,,,,,,,1.0,,1.0,,20170203 20:51:45 ,,
2017-02-06 00:00:00,,,,,,,,,,,,,,,,1.0,,1.0,,20170206 20:57:41 ,,
2017-02-07 00:00:00,,,,,,,,,,,,,,,,1.0,,1.0,,20170207 21:31:25 ,,
2017-02-07 00:00:00,,,,,,,,,,,,,,,,1.0,,1.0,,20170207 21:52:10 ,,
2017-02-08 00:00:00,,,,,,,,,,,,,,,,1.0,,1.0,,20170208 20:41:28 ,,
2017-02-08 00:00:00,,,,,,,,,,,,,,,,1.0,,1.0,,20170208 21:23:49 ,,
2017-02-08 00:00:00,,,,,,,,,,,,,,,,1.0,,1.0,,20170208 21:39:29 ,,
2017-02-09 00:00:00,,,,,,,,,,,,,,,,1.0,,1.0,,20170209 21:03:41 ,,
2017-02-10 00:00:00,,,,,,,,,,,,,,,,1.0,,1.0,,20170210 21:05:05 ,,
2017-02-13 00:00:00,,,,,,,,,,,,,,,,1.0,,1.0,,20170213 21:01:17 ,,
2017-02-14 00:00:00,,,,,,,,,,,,,,,,1.0,,1.0,,20170214 20:52:36 ,,
2017-02-15 00:00:00,,,,,,,,,,,,,,,,1.0,,1.0,,20170215 20:59:14 ,,
2017-02-16 00:00:00,,,,,,,,,,,,,,,,1.0,,1.0,,20170216 20:51:07 ,,
2017-02-17 00:00:00,,,,,,,,,,,,,,,,1.0,,1.0,,20170217 21:05:14 ,,
2017-02-20 00:00:00,,,,,,,,,,,,,,,,1.0,,1.0,,20170220 20:49:45 ,,
2017-02-21 00:00:00,,,,,,,,,,,,,,,,1.0,,1.0,,20170221 20:50:04 ,,
2017-02-22 00:00:00,,,,,,,,,,,,,,,,1.0,,1.0,,20170222 21:05:00 ,,
2017-02-23 00:00:00,,,,,,,,,,,,,,,,1.0,,1.0,,20170223 20:49:27 ,,
2017-02-24 00:00:00,,,,,,,,,,,,,,,,1.0,,1.0,,20170224 20:51:06 ,,
2017-02-27 00:00:00,,,,,,,,,,,,,,,,1.0,,1.0,,20170227 20:57:09 ,,
2017-02-28 00:00:00,,,,,,,,,,,,,,,,1.0,,1.0,,20170228 20:53:45 ,,
2017-03-01 00:00:00,,,,,,,,,,,,,,,,1.0,,1.0,,20170301 20:58:32 ,,
2017-03-02 00:00:00,,,,,,,,,,,,,,,,1.0,,1.0,,20170302 20:56:06 ,,
2017-03-03 00:00:00,,,,,,,,,,,,,,,,1.0,,1.0,,20170303 20:55:13 ,,
2017-03-06 00:00:00,,,,,,,,,,,,,,,,1.0,,1.0,,20170306 20:47:47 ,,
2017-03-07 00:00:00,,,,,,,,,,,,,,,,1.0,,1.0,,20170307 20:44:55 ,,
2017-03-08 00:00:00,,,,,,,,,,,,,,,,1.0,,1.0,,20170308 20:57:56 ,,
2017-03-08 00:00:00,,,,,,,,,,,,,,,,1.0,,1.0,,20170309 02:29:10 ,,
2017-03-09 00:00:00,,,,,,,,,,,,,,,,1.0,,1.0,,20170309 20:51:07 ,,
2017-03-10 00:00:00,,,,,,,,,,,,,,,,1.0,,1.0,,20170310 20:50:49 ,,
2017-03-13 00:00:00,,,,,,,,,,,,,,,,1.0,,1.0,,20170313 20:59:53 ,,
2017-03-14 00:00:00,,,,,,,,,,,,,,,,1.0,,1.0,,20170315 00:15:24 ,,
2017-03-15 00:00:00,,,,,,,,,,,,,,,,1.0,,1.0,,20170315 21:00:50 ,,
2017-03-16 00:00:00,,,,,,,,,,,,,,,,1.0,,1.0,,20170317 05:01:52 ,,
2017-03-20 00:00:00,,,,,,,,,,,,,,,,1.0,,1.0,,20170320 21:49:25 ,,
2017-03-21 00:00:00,,,,,,,,,,,,,,,,1.0,,1.0,,20170322 00:47:13 ,,
2017-03-22 00:00:00,,,,,,,,,,,,,,,,1.0,,1.0,,20170322 20:47:02 ,,
2017-03-23 00:00:00,,,,,,,,,,,,,,,,1.0,,1.0,,20170324 04:40:57 ,,
2017-03-24 00:00:00,,,,,,,,,,,,,,,,1.0,,1.0,,20170324 20:52:58 ,,
2017-03-27 00:00:00,,,,,,,,,,,,,,,,1.0,,1.0,,20170327 20:48:37 ,,
2017-03-28 00:00:00,,,,,,,,,,,,,,,,1.0,,1.0,,20170328 20:52:25 ,,
2017-03-29 00:00:00,,,,,,,,,,,,,,,,1.0,,1.0,,20170329 21:01:45 ,,
2017-03-30 00:00:00,,,,,,,,,,,,,,,,1.0,,1.0,,20170330 22:18:58 ,,
2017-03-31 00:00:00,,,,,,,,,,,,,,,,1.0,,1.0,,20170331 20:46:48 ,,
2017-04-03 00:00:00,,,,,,,,,,,,,,,,1.0,,1.0,,20170403 20:53:15 ,,
2017-04-04 00:00:00,,,,,,,,,,,,,,,,1.0,,1.0,,20170404 20:52:30 ,,
2017-04-05 00:00:00,,,,,,,,,,,,,,,,1.0,,1.0,,20170405 20:55:00 ,,
2017-04-06 00:00:00,,,,,,,,,,,,,,,,1.0,,1.0,,20170406 20:54:22 ,,
2017-04-07 00:00:00,,,,,,,,,,,,,,,,1.0,,1.0,,20170407 20:54:30 ,,
2017-04-10 00:00:00,,,,,,,,,,,,,,,,1.0,,1.0,,20170410 20:54:13 ,,
2017-04-11 00:00:00,,,,,,,,,,,,,,,,1.0,,1.0,,20170411 20:50:28 ,,
2017-04-12 00:00:00,,,,,,,,,,,,,,,,1.0,,1.0,,20170412 21:05:37 ,,
2017-04-13 00:00:00,,,,,,,,,,,,,,,,1.0,,1.0,,20170413 20:53:21 ,,
2017-04-14 00:00:00,,,,,,,,,,,,,,,,1.0,,1.0,,20170414 20:51:56 ,,
2017-04-17 00:00:00,,,,,,,,,,,,,,,,1.0,,1.0,,20170417 21:13:39 ,,
2017-04-18 00:00:00,,,,,,,,,,,,,,,,1.0,,1.0,,20170418 20:55:33 ,,
2017-04-19 00:00:00,,,,,,,,,,,,,,,,1.0,,1.0,,20170419 20:48:45 ,,
2017-04-20 00:00:00,,,,,,,,,,,,,,,,1.0,,1.0,,20170420 21:05:27 ,,
2017-04-21 00:00:00,,,,,,,,,,,,,,,,1.0,,1.0,,20170421 20:58:42 ,,
2017-04-24 00:00:00,,,,,,,,,,,,,,,,1.0,,1.0,,20170424 20:52:34 ,,
2017-04-25 00:00:00,,,,,,,,,,,,,,,,1.0,,1.0,,20170425 20:40:33 ,,
2017-04-26 00:00:00,,,,,,,,,,,,,,,,1.0,,1.0,,20170426 20:38:34 ,,
2017-04-27 00:00:00,,,,,,,,,,,,,,,,1.0,,1.0,,20170427 20:45:47 ,,
2017-04-28 00:00:00,,,,,,,,,,,,,,,,1.0,,1.0,,20170428 20:43:52 ,,
2017-05-01 00:00:00,,,,,,,,,,,,,,,,1.0,,1.0,,20170501 20:58:25 ,,
2017-05-02 00:00:00,,,,,,,,,,,,,,,,1.0,,1.0,,20170502 20:52:45 ,,
2017-05-03 00:00:00,,,,,,,,,,,,,,,,1.0,,1.0,,20170503 20:46:07 ,,
2017-05-04 00:00:00,,,,,,,,,,,,,,,,1.0,,1.0,,20170504 20:40:28 ,,
2017-05-05 00:00:00,,,,,,,,,,,,,,,,1.0,,1.0,,20170505 20:57:09 ,,
2017-05-08 00:00:00,,,,,,,,,,,,,,,,1.0,,1.0,,20170508 20:49:40 ,,
2017-05-09 00:00:00,,,,,,,,,,,,,,,,1.0,,1.0,,20170509 20:41:45 ,,
2017-05-10 00:00:00,,,,,,,,,,,,,,,,1.0,,1.0,,20170510 20:42:36 ,,
2017-05-11 00:00:00,,,,,,,,,,,,,,,,1.0,,1.0,,20170511 20:43:53 ,,
2017-05-12 00:00:00,,,,,,,,,,,,,,,,1.0,,1.0,,20170512 20:49:34 ,,
2017-05-15 00:00:00,,,,,,,,,,,,,,,,1.0,,1.0,,20170515 20:48:19 ,,
2017-05-16 00:00:00,,,,,,,,,,,,,,,,1.0,,1.0,,20170516 20:52:18 ,,
2017-05-17 00:00:00,,,,,,,,,,,,,,,,1.0,,1.0,,20170517 21:01:47 ,,
2017-05-18 00:00:00,,,,,,,,,,,,,,,,1.0,,1.0,,20170518 20:44:30 ,,
2017-05-19 00:00:00,,,,,,,,,,,,,,,,1.0,,1.0,,20170520 23:34:59 ,,
2017-05-22 00:00:00,,,,,,,,,,,,,,,,1.0,,1.0,,20170522 20:51:39 ,,
2017-05-23 00:00:00,,,,,,,,,,,,,,,,1.0,,1.0,,20170523 20:46:38 ,,
2017-05-24 00:00:00,,,,,,,,,,,,,,,,1.0,,1.0,,20170524 20:56:45 ,,
2017-05-25 00:00:00,,,,,,,,,,,,,,,,1.0,,1.0,,20170525 20:51:37 ,,
2017-05-26 00:00:00,,,,,,,,,,,,,,,,1.0,,1.0,,20170526 20:56:25 ,,
2017-05-29 00:00:00,,,,,,,,,,,,,,,,1.0,,1.0,,20170529 20:43:10 ,,
2017-05-30 00:00:00,,,,,,,,,,,,,,,,1.0,,1.0,,20170530 21:29:43 ,,
2017-05-31 00:00:00,,,,,,,,,,,,,,,,1.0,,1.0,,20170531 20:48:36 ,,
2017-05-31 00:00:00,,,,,,,,,,,,,,,,1.0,,1.0,,20170531 23:37:59 ,,
2017-06-01 00:00:00,,,,,,,,,,,,,,,,1.0,,1.0,,20170601 20:55:24 ,,
2017-06-02 00:00:00,,,,,,,,,,,,,,,,1.0,,1.0,,20170602 20:57:27 ,,
2017-06-05 00:00:00,,,,,,,,,,,,,,,,1.0,,1.0,,20170605 21:21:26 ,,
2017-06-06 00:00:00,,,,,,,,,,,,,,,,1.0,,1.0,,20170606 20:54:17 ,,
2017-06-07 00:00:00,,,,,,,,,,,,,,,,1.0,,1.0,,20170607 20:59:14 ,,
2017-06-08 00:00:00,,,,,,,,,,,,,,,,1.0,,1.0,,20170608 21:15:05 ,,
2017-06-09 00:00:00,,,,,,,,,,,,,,,,1.0,,1.0,,20170609 20:44:52 ,,
2017-06-12 00:00:00,,,,,,,,,,,,,,,,1.0,,1.0,,20170612 20:52:54 ,,
2017-06-13 00:00:00,,,,,,,,,,,,,,,,1.0,,1.0,,20170613 21:05:51 ,,
2017-06-14 00:00:00,,,,,,,,,,,,,,,,1.0,,1.0,,20170614 20:54:36 ,,
2017-06-15 00:00:00,,,,,,,,,,,,,,,,1.0,,1.0,,20170615 20:48:06 ,,
2017-06-16 00:00:00,,,,,,,,,,,,,,,,1.0,,1.0,,20170616 20:49:03 ,,
2017-06-19 00:00:00,,,,,,,,,,,,,,,,1.0,,1.0,,20170619 21:44:05 ,,
2017-06-20 00:00:00,,,,,,,,,,,,,,,,1.0,,1.0,,20170620 20:48:58 ,,
2017-06-21 00:00:00,,,,,,,,,,,,,,,,1.0,,1.0,,20170621 20:50:05 ,,
2017-06-22 00:00:00,,,,,,,,,,,,,,,,1.0,,1.0,,20170622 20:54:40 ,,
2017-06-23 00:00:00,,,,,,,,,,,,,,,,1.0,,1.0,,20170623 20:56:54 ,,
2017-06-26 00:00:00,,,,,,,,,,,,,,,,1.0,,1.0,,20170626 20:54:42 ,,
2017-06-27 00:00:00,,,,,,,,,,,,,,,,1.0,,1.0,,20170627 20:53:56 ,,
2017-06-28 00:00:00,,,,,,,,,,,,,,,,1.0,,1.0,,20170628 21:08:45 ,,
2017-06-29 00:00:00,,,,,,,,,,,,,,,,1.0,,1.0,,20170629 20:46:11 ,,
2017-06-30 00:00:00,,,,,,,,,,,,,,,,1.0,,1.0,,20170630 20:45:27 ,,
2017-07-03 00:00:00,,,,,,,,,,,,,,,,1.0,,1.0,,20170703 20:42:56 ,,
2017-07-04 00:00:00,,,,,,,,,,,,,,,,1.0,,1.0,,20170704 20:50:45 ,,
2017-07-05 00:00:00,,,,,,,,,,,,,,,,1.0,,1.0,,20170705 20:37:59 ,,
2017-07-06 00:00:00,,,,,,,,,,,,,,,,1.0,,1.0,,20170706 20:39:49 ,,
2017-07-07 00:00:00,,,,,,,,,,,,,,,,1.0,,1.0,,20170707 21:00:29 ,,
2017-07-10 00:00:00,,,,,,,,,,,,,,,,1.0,,1.0,,20170710 20:43:46 ,,
2017-07-11 00:00:00,,,,,,,,,,,,,,,,1.0,,1.0,,20170711 20:42:01 ,,
2017-07-12 00:00:00,,,,,,,,,,,,,,,,1.0,,1.0,,20170712 20:43:09 ,,
2017-07-13 00:00:00,,,,,,,,,,,,,,,,1.0,,1.0,,20170713 20:53:38 ,,
2017-07-14 00:00:00,,,,,,,,,,,,,,,,1.0,,1.0,,20170714 20:54:30 ,,
2017-07-17 00:00:00,,,,,,,,,,,,,,,,1.0,,1.0,,20170717 20:51:43 ,,
2017-07-18 00:00:00,,,,,,,,,,,,,,,,1.0,,1.0,,20170718 21:27:36 ,,
2017-07-19 00:00:00,,,,,,,,,,,,,,,,1.0,,1.0,,20170719 20:36:37 ,,
2017-07-20 00:00:00,,,,,,,,,,,,,,,,1.0,,1.0,,20170720 20:46:06 ,,
2017-07-21 00:00:00,,,,,,,,,,,,,,,,1.0,,1.0,,20170721 20:53:40 ,,
2017-07-24 00:00:00,,,,,,,,,,,,,,,,1.0,,1.0,,20170724 20:54:48 ,,
2017-07-25 00:00:00,,,,,,,,,,,,,,,,1.0,,1.0,,20170725 20:58:56 ,,
2017-07-26 00:00:00,,,,,,,,,,,,,,,,1.0,,1.0,,20170726 20:51:02 ,,
2017-07-27 00:00:00,,,,,,,,,,,,,,,,1.0,,1.0,,20170727 20:41:03 ,,
2017-07-28 00:00:00,,,,,,,,,,,,,,,,1.0,,1.0,,20170728 20:50:17 ,,
2017-07-31 00:00:00,,,,,,,,,,,,,,,,1.0,,1.0,,20170731 20:43:19 ,,
2017-08-01 00:00:00,,,,,,,,,,,,,,,,1.0,,1.0,,20170801 20:47:12 ,,
2017-08-03 00:00:00,,,,,,,,,,,,,,,,1.0,,1.0,,20170804 07:26:34 ,,
2017-08-04 00:00:00,,,,,,,,,,,,,,,,1.0,,1.0,,20170804 20:40:14 ,,
2017-08-07 00:00:00,,,,,,,,,,,,,,,,1.0,,1.0,,20170807 21:07:46 ,,
2017-08-08 00:00:00,,,,,,,,,,,,,,,,1.0,,1.0,,20170808 20:56:23 ,,
2017-08-09 00:00:00,,,,,,,,,,,,,,,,1.0,,1.0,,20170809 21:03:10 ,,
2017-08-10 00:00:00,,,,,,,,,,,,,,,,1.0,,1.0,,20170810 21:26:18 ,,
2017-08-11 00:00:00,,,,,,,,,,,,,,,,1.0,,1.0,,20170811 21:12:36 ,,
2017-08-14 00:00:00,,,,,,,,,,,,,,,,1.0,,1.0,,20170814 21:21:23 ,,
2017-08-15 00:00:00,,,,,,,,,,,,,,,,1.0,,1.0,,20170815 20:52:09 ,,
2017-08-16 00:00:00,,,,,,,,,,,,,,,,1.0,,1.0,,20170816 20:54:18 ,,
2017-08-17 00:00:00,,,,,,,,,,,,,,,,1.0,,1.0,,20170817 20:45:31 ,,
2017-08-18 00:00:00,,,,,,,,,,,,,,,,1.0,,1.0,,20170818 20:41:33 ,,
2017-08-21 00:00:00,,,,,,,,,,,,,,,,1.0,,1.0,,20170821 20:46:51 ,,
2017-08-22 00:00:00,,,,,,,,,,,,,,,,1.0,,1.0,,20170822 20:47:19 ,,
2017-08-23 00:00:00,,,,,,,,,,,,,,,,1.0,,1.0,,20170823 20:43:19 ,,
2017-08-24 00:00:00,,,,,,,,,,,,,,,,1.0,,1.0,,20170824 20:43:57 ,,
2017-08-25 00:00:00,,,,,,,,,,,,,,,,1.0,,1.0,,20170825 20:51:15 ,,
2017-08-28 00:00:00,,,,,,,,,,,,,,,,1.0,,1.0,,20170828 20:57:42 ,,
2017-08-29 00:00:00,,,,,,,,,,,,,,,,1.0,,1.0,,20170829 21:14:09 ,,
2017-08-30 00:00:00,,,,,,,,,,,,,,,,1.0,,1.0,,20170830 20:55:23 ,,
2017-08-31 00:00:00,,,,,,,,,,,,,,,,1.0,,1.0,,20170831 20:59:54 ,,
2017-09-01 00:00:00,,,,,,,,,,,,,,,,1.0,,1.0,,20170901 21:27:37 ,,
2017-09-04 00:00:00,,,,,,,,,,,,,,,,1.0,,1.0,,20170904 20:57:07 ,,
2017-09-05 00:00:00,,,,,,,,,,,,,,,,1.0,,1.0,,20170905 20:51:57 ,,
2017-09-06 00:00:00,,,,,,,,,,,,,,,,1.0,,1.0,,20170906 21:17:07 ,,
2017-09-07 00:00:00,,,,,,,,,,,,,,,,1.0,,1.0,,20170907 20:59:42 ,,
2017-09-08 00:00:00,,,,,,,,,,,,,,,,1.0,,1.0,,20170908 21:00:13 ,,
2017-09-08 00:00:00,,,,,,,,,,,,,,,,1.0,,1.0,,20170912 03:41:06 ,,
2017-09-08 00:00:00,,,,,,,,,,,,,,,,1.0,,1.0,,20170912 04:26:35 ,,
2017-09-12 00:00:00,,,,,,,,,,,,,,,,1.0,,1.0,,20170912 21:34:34 ,,
2017-09-13 00:00:00,,,,,,,,,,,,,,,,1.0,,1.0,,20170913 20:55:55 ,,
2017-09-14 00:00:00,,,,,,,,,,,,,,,,1.0,,1.0,,20170914 20:48:43 ,,
2017-09-15 00:00:00,,,,,,,,,,,,,,,,1.0,,1.0,,20170915 20:47:39 ,,
