trade_id,PL,closeVWAP_timestamp,closedWhen,closedWhenUnixTimeStamp,closing_price_VWAP,expir,instrument,long_or_short,markToMarket_time,openVWAP_timestamp,open_or_closed,openedWhen,opening_price_VWAP,ptValue,putcall,quant_closed,quant_opened,strike,symbol,symbol_description,PurePL,qty,currency,balance,commission,margin_available,mark_to_mkt,pure_mark_to_mkt,purebalance,pure_unr_pnl,unr_pnl
11.0,11.5155,20160410 19:02:18 EST,20160410 19:02:18 EST,20160410 19:02:18 EST,0.8074399999999999,,EURGBP,short,,20160410 17:17:11 EST,closed,20160410 17:17:11 EST,0.80799,,,2.0,2.0,,EURGBP,,15.5155,2.0,GBP,99970.1875,4.0,1730063.6997,101774.66402,101838.66402,100006.1875,-9.5914,-11.5914
2.0,-49.888,20160410 19:04:03 EST,20160410 19:04:03 EST,20160410 19:04:03 EST,123.399,,EURJPY,short,,20160410 17:29:07 EST,closed,20160410 17:15:33 EST,123.28,,,4.0,4.0,,EURJPY,,-41.888,2.0,JPY,99933.6275,8.0,1729015.6573,101501.60372,101569.60372,99973.6275,241.296,239.296
13.0,-28.49524,20160410 19:04:09 EST,20160410 19:04:09 EST,20160410 19:04:09 EST,1.08761,,EURCHF,short,,20160410 17:17:33 EST,closed,20160410 17:17:33 EST,1.0864,,,2.0,2.0,,EURCHF,,-24.49524,2.0,CHF,99905.13226,4.0,1729303.39414,101612.36376,101684.36376,99949.13226,68.42472,66.42472
15.0,-21.2,20160410 19:09:47 EST,20160410 19:09:47 EST,20160410 19:09:47 EST,0.6817,,NZDUSD,short,,20160410 17:18:04 EST,closed,20160410 17:18:04 EST,0.68084,,,2.0,2.0,,NZDUSD,,-17.2,2.0,USD,99881.93226,4.0,1706512.6333,101840.56864,101918.56864,99931.93226,11.6,9.6
8.0,-42.72,20160410 19:13:30 EST,20160410 19:13:30 EST,20160410 19:13:30 EST,73.783,,NZDJPY,short,,20160410 17:16:37 EST,closed,20160410 17:16:37 EST,73.563,,,2.0,2.0,,NZDJPY,,-38.72,2.0,JPY,99839.21226,4.0,1705864.4413,101623.64864,101705.64864,99893.21226,167.2,165.2
6.0,-37.6,20160410 19:16:03 EST,20160410 19:16:03 EST,20160410 19:16:03 EST,0.75638,,AUDUSD,short,,20160410 17:16:15 EST,closed,20160410 17:16:15 EST,0.7547,,,2.0,2.0,,AUDUSD,,-33.6,2.0,USD,99801.61226,4.0,1695020.4253,101733.60064,101819.60064,99859.61226,108.0,106.0
9.0,-41.488,20160410 19:18:24 EST,20160410 19:18:24 EST,20160410 19:18:24 EST,83.381,,CADJPY,short,,20160410 17:16:47 EST,closed,20160410 17:16:47 EST,83.168,,,2.0,2.0,,CADJPY,,-37.488,2.0,JPY,99760.12426,4.0,1679440.2813,101762.80064,101852.80064,99822.12426,76.912,74.912
1.0,1.4,20160410 19:20:40 EST,20160410 19:20:40 EST,20160410 19:20:40 EST,1.14076,,EURUSD,short,,20160410 17:15:20 EST,closed,20160410 17:15:20 EST,1.14103,,,2.0,2.0,,EURUSD,,5.4,2.0,USD,99761.52426,4.0,1687580.4253,101825.08864,101919.08864,99827.52426,-23.4,-25.4
10.0,-30.928,20160410 19:24:21 EST,20160410 19:24:21 EST,20160410 19:24:21 EST,113.541,,CHFJPY,short,,20160410 17:16:57 EST,closed,20160410 17:16:57 EST,113.388,,,2.0,2.0,,CHFJPY,,-26.928,2.0,JPY,99730.59626,4.0,1684748.4413,101598.50464,101696.50464,99800.59626,177.056,175.056
3.0,8.6,20160410 19:26:11 EST,20160410 19:26:11 EST,20160410 19:26:11 EST,1.41281,,GBPUSD,long,,20160410 17:15:45 EST,closed,20160410 17:15:45 EST,1.41218,,,2.0,2.0,,GBPUSD,,12.6,-2.0,USD,99739.19626,4.0,1693021.4253,101772.76864,101874.76864,99813.19626,-18.0,-20.0
17.0,-5.232,20160410 19:31:17 EST,20160410 19:31:17 EST,20160410 19:31:17 EST,123.458,,EURJPY,long,,20160410 19:04:03 EST,closed,20160410 19:04:03 EST,123.465,,,2.0,2.0,,EURJPY,,-1.232,-2.0,JPY,99733.96426,4.0,1686493.8333,101530.85664,101636.85664,99811.96426,207.68,205.68
14.0,-56.688,20160410 19:36:51 EST,20160410 19:36:51 EST,20160410 19:36:51 EST,81.873,,AUDJPY,short,,20160410 19:09:46 EST,closed,20160410 17:17:47 EST,81.729,,,4.0,4.0,,AUDJPY,,-50.688,4.0,JPY,99679.27626,6.0,1671855.9133,101406.12064,101516.12064,99761.27626,489.984,487.984
22.0,-6.288,20160410 19:44:56 EST,20160410 19:44:56 EST,20160410 19:44:56 EST,83.368,,CADJPY,long,,20160410 19:18:24 EST,closed,20160410 19:18:24 EST,83.381,,,2.0,2.0,,CADJPY,,-2.288,-2.0,JPY,99666.20426,4.0,1685820.0093,101589.40864,101707.40864,99756.20426,37.488,35.488
25.0,-7.8,20160410 19:51:51 EST,20160410 19:51:51 EST,20160410 19:51:51 EST,1.413,,GBPUSD,short,,20160410 19:26:11 EST,closed,20160410 19:26:11 EST,1.41281,,,2.0,2.0,,GBPUSD,,-3.8,2.0,USD,99658.40426,4.0,1699407.2413,101652.32064,101774.32064,99752.40426,-29.0,-31.0
5.0,-40.784,20160410 19:51:53 EST,20160410 19:51:53 EST,20160410 19:51:53 EST,108.239,,USDJPY,short,,20160410 17:16:02 EST,closed,20160410 17:16:02 EST,108.03,,,2.0,2.0,,USDJPY,,-36.784,2.0,JPY,99617.62026,4.0,1690197.3053,101343.76064,101469.76064,99715.62026,233.376,231.376
28.0,-6.288,20160410 20:09:06 EST,20160410 20:09:06 EST,20160410 20:09:06 EST,83.381,,CADJPY,short,,20160410 19:44:56 EST,closed,20160410 19:44:56 EST,83.368,,,2.0,2.0,,CADJPY,,-2.288,2.0,JPY,99603.63626,4.0,1721959.3213,101056.27264,101190.27264,99709.63626,41.712,39.712
24.0,-6.464,20160410 20:14:04 EST,20160410 20:14:04 EST,20160410 20:14:04 EST,113.527,,CHFJPY,long,,20160410 19:24:21 EST,closed,20160410 19:24:21 EST,113.541,,,2.0,2.0,,CHFJPY,,-2.464,-2.0,JPY,99597.17226,4.0,1727265.0173,100939.63264,101077.63264,99707.17226,147.664,145.664
18.0,-9.061,20160410 20:20:47 EST,20160410 20:20:47 EST,20160410 20:20:47 EST,1.08736,,EURCHF,long,,20160410 19:04:09 EST,closed,20160410 19:04:09 EST,1.08761,,,2.0,2.0,,EURCHF,,-5.061,-2.0,CHF,99588.11126,4.0,1729296.78114,101042.27076,101184.27076,99702.11126,40.89288,38.89288
26.0,-8.464,20160410 20:21:24 EST,20160410 20:21:24 EST,20160410 20:21:24 EST,123.465,,EURJPY,short,,20160410 19:31:17 EST,closed,20160410 19:31:17 EST,123.458,,,4.0,4.0,,EURJPY,,-2.464,2.0,JPY,99582.87926,6.0,1729014.1053,100876.06124,101022.06124,99700.87926,209.968,207.968
12.0,-69.12,20160410 20:23:52 EST,20160410 20:23:52 EST,20160410 20:23:52 EST,152.931,,GBPJPY,short,,20160410 17:17:20 EST,closed,20160410 17:17:20 EST,152.561,,,2.0,2.0,,GBPJPY,,-65.12,2.0,JPY,99513.75926,4.0,1734200.1213,100701.86924,100851.86924,99635.75926,312.752,310.752
21.0,-8.4,20160410 20:31:21 EST,20160410 20:31:21 EST,20160410 20:31:21 EST,0.75632,,AUDUSD,long,,20160410 19:16:03 EST,closed,20160410 19:16:03 EST,0.75638,,,4.0,4.0,,AUDUSD,,-2.4,-2.0,USD,99508.55926,6.0,1722410.6653,100867.50924,101021.50924,99634.55926,73.8,71.8
32.0,-6.464,20160410 20:40:00 EST,20160410 20:40:00 EST,20160410 20:40:00 EST,113.541,,CHFJPY,short,,20160410 20:14:04 EST,closed,20160410 20:14:04 EST,113.527,,,2.0,2.0,,CHFJPY,,-2.464,2.0,JPY,99502.09526,4.0,1727267.4813,100784.05324,100942.05324,99632.09526,152.592,150.592
29.0,-7.8,20160410 20:42:01 EST,20160410 20:42:01 EST,20160410 20:42:01 EST,1.41281,,GBPUSD,long,,20160410 19:51:51 EST,closed,20160410 19:51:51 EST,1.413,,,2.0,2.0,,GBPUSD,,-3.8,-2.0,USD,99494.29526,4.0,1715557.2493,101105.98124,101267.98124,99628.29526,-34.4,-36.4
30.0,-4.88,20160410 20:42:51 EST,20160410 20:42:51 EST,20160410 20:42:51 EST,108.234,,USDJPY,long,,20160410 19:51:53 EST,closed,20160410 19:51:53 EST,108.239,,,2.0,2.0,,USDJPY,,-0.879999999999,-2.0,JPY,99489.41526,4.0,1706350.2333,100876.21324,101042.21324,99627.41526,195.888,193.888
33.0,-9.061,20160410 20:47:15 EST,20160410 20:47:15 EST,20160410 20:47:15 EST,1.08761,,EURCHF,short,,20160410 20:20:47 EST,closed,20160410 20:20:47 EST,1.08736,,,2.0,2.0,,EURCHF,,-5.061,2.0,CHF,99480.35426,4.0,1709318.62614,101015.63376,101185.63376,99622.35426,48.99048,46.99048
34.0,-5.232,20160410 20:48:27 EST,20160410 20:48:27 EST,20160410 20:48:27 EST,123.458,,EURJPY,long,,20160410 20:21:24 EST,closed,20160410 20:21:24 EST,123.465,,,2.0,2.0,,EURJPY,,-1.232,-2.0,JPY,99475.12226,4.0,1709029.6573,100843.61464,101017.61464,99621.12226,207.68,205.68
35.0,-6.64,20160410 20:50:52 EST,20160410 20:50:52 EST,20160410 20:50:52 EST,152.916,,GBPJPY,long,,20160410 20:23:52 EST,closed,20160410 20:23:52 EST,152.931,,,2.0,2.0,,GBPJPY,,-2.64,-2.0,JPY,99468.48226,4.0,1692485.6573,101012.27064,101190.27064,99618.48226,244.64,242.64
20.0,-9.168,20160410 20:56:14 EST,20160410 20:56:14 EST,20160410 20:56:14 EST,73.774,,NZDJPY,long,,20160410 19:13:30 EST,closed,20160410 19:13:30 EST,73.783,,,4.0,4.0,,NZDJPY,,-3.168,-2.0,JPY,99460.89826,6.0,1637233.8013,101595.16664,101779.16664,99616.89826,127.776,125.776
36.0,-5.2,20160410 20:58:09 EST,20160410 20:58:09 EST,20160410 20:58:09 EST,0.75638,,AUDUSD,short,,20160410 20:31:21 EST,closed,20160410 20:31:21 EST,0.75632,,,2.0,2.0,,AUDUSD,,-1.2,2.0,USD,99455.69826,4.0,1626392.9533,101774.49464,101962.49464,99615.69826,75.6,73.6
23.0,-5.0,20160410 21:02:35 EST,20160410 21:02:35 EST,20160410 21:02:35 EST,1.14071,,EURUSD,long,,20160410 19:20:40 EST,closed,20160410 19:20:40 EST,1.14076,,,2.0,2.0,,EURUSD,,-1.0,-2.0,USD,99448.69826,4.0,1619404.4973,101897.38264,102091.38264,99614.69826,-18.6,-20.6
40.0,-9.061,20160410 21:12:53 EST,20160410 21:12:53 EST,20160410 21:12:53 EST,1.08736,,EURCHF,long,,20160410 20:47:15 EST,closed,20160410 20:47:15 EST,1.08761,,,2.0,2.0,,EURCHF,,-5.061,-2.0,CHF,99439.63726,4.0,1618602.81314,101830.42876,102028.42876,99609.63726,40.89288,38.89288
27.0,-15.392,20160410 21:17:34 EST,20160410 21:17:34 EST,20160410 21:17:34 EST,81.859,,AUDJPY,long,,20160410 20:52:35 EST,closed,20160410 19:36:51 EST,81.873,,,4.0,4.0,,AUDJPY,,-7.392,-4.0,JPY,99422.83726,8.0,1674050.3613,100966.95524,101172.95524,99600.83726,435.424,433.424
19.0,-6.0,20160410 21:18:43 EST,20160410 21:18:43 EST,20160410 21:18:43 EST,0.6816,,NZDUSD,long,,20160410 19:09:47 EST,closed,20160410 19:09:47 EST,0.6817,,,2.0,2.0,,NZDUSD,,-2.0,-2.0,USD,99416.83726,4.0,1658867.9933,101412.17924,101622.17924,99598.83726,-7.0,-9.0
44.0,-5.2,20160410 21:22:44 EST,20160410 21:22:44 EST,20160410 21:22:44 EST,0.75632,,AUDUSD,long,,20160410 20:58:09 EST,closed,20160410 20:58:09 EST,0.75638,,,2.0,2.0,,AUDUSD,,-1.2,-2.0,USD,99408.05326,4.0,1673348.2013,101195.93124,101411.93124,99596.05326,73.8,71.8
7.0,5.26776,20160410 21:23:20 EST,20160410 21:23:20 EST,20160410 21:23:20 EST,1.29828,,USDCAD,short,,20160410 17:16:28 EST,closed,20160410 17:16:28 EST,1.2989,,,2.0,2.0,,USDCAD,,9.26776,2.0,CAD,99413.32102,4.0,1677628.49074,101139.2774,101359.2774,99605.32102,137.5216,135.5216
31.0,-10.576,20160410 21:25:58 EST,20160410 21:25:58 EST,20160410 21:25:58 EST,83.368,,CADJPY,long,,20160410 21:01:21 EST,closed,20160410 20:09:06 EST,83.381,,,4.0,4.0,,CADJPY,,-4.576,-4.0,JPY,99404.74502,6.0,1668160.64786,101347.2114,101571.2114,99600.74502,74.976,72.976
4.0,-22.2196,20160410 21:28:38 EST,20160410 21:28:38 EST,20160410 21:28:38 EST,0.9534,,USDCHF,short,,20160410 17:15:52 EST,closed,20160410 17:15:52 EST,0.9525,,,2.0,2.0,,USDCHF,,-18.2196,2.0,CHF,99382.52542,4.0,1658115.74146,101336.5496,101564.5496,99582.52542,71.8662,69.8662
37.0,-8.928,20160410 21:31:36 EST,20160410 21:31:36 EST,20160410 21:31:36 EST,113.527,,CHFJPY,long,,20160410 20:40:00 EST,closed,20160410 20:40:00 EST,113.541,,,4.0,4.0,,CHFJPY,,-4.928,-4.0,JPY,99373.59742,4.0,1678776.61586,101084.11824,101316.11824,99577.59742,295.328,293.328
46.0,-9.061,20160410 21:39:19 EST,20160410 21:39:19 EST,20160410 21:39:19 EST,1.08761,,EURCHF,short,,20160410 21:12:53 EST,closed,20160410 21:12:53 EST,1.08736,,,2.0,2.0,,EURCHF,,-5.061,2.0,CHF,99364.53642,4.0,1680813.4407,101178.65876,101414.65876,99572.53642,48.99048,46.99048
47.0,-8.928,20160410 21:45:37 EST,20160410 21:45:37 EST,20160410 21:45:37 EST,81.873,,AUDJPY,short,,20160410 21:17:34 EST,closed,20160410 21:17:34 EST,81.859,,,4.0,4.0,,AUDJPY,,-4.928,4.0,JPY,99353.60842,4.0,1660701.94386,101014.67164,101256.67164,99567.60842,444.224,442.224
48.0,-6.0,20160410 21:46:14 EST,20160410 21:46:14 EST,20160410 21:46:14 EST,0.6817,,NZDUSD,short,,20160410 21:18:43 EST,closed,20160410 21:18:43 EST,0.6816,,,2.0,2.0,,NZDUSD,,-2.0,2.0,USD,99347.60842,4.0,1659926.29586,101229.98364,101475.98364,99565.60842,-3.6,-5.6
45.0,-5.0,20160410 21:56:36 EST,20160410 21:56:36 EST,20160410 21:56:36 EST,1.14076,,EURUSD,short,,20160410 21:02:35 EST,closed,20160410 21:02:35 EST,1.14071,,,2.0,2.0,,EURUSD,,-0.999999999998,2.0,USD,99336.96414,4.0,1675528.31702,101213.66036,101467.66036,99562.96414,-17.0,-19.0
52.0,-6.63172,20160410 21:58:17 EST,20160410 21:58:17 EST,20160410 21:58:17 EST,0.95327,,USDCHF,long,,20160410 21:28:38 EST,closed,20160410 21:28:38 EST,0.9534,,,2.0,2.0,,USDCHF,,-2.63172,-2.0,CHF,99330.33242,4.0,1672011.1149,101136.604,101394.604,99560.33242,51.82464,49.82464
54.0,-9.061,20160410 22:08:02 EST,20160410 22:08:02 EST,20160410 22:08:02 EST,1.08736,,EURCHF,long,,20160410 21:39:19 EST,closed,20160410 21:39:19 EST,1.08761,,,2.0,2.0,,EURCHF,,-5.061,-2.0,CHF,99321.27142,4.0,1655427.63498,101199.20676,101461.20676,99555.27142,40.89288,38.89288
56.0,-6.0,20160410 22:14:27 EST,20160410 22:14:27 EST,20160410 22:14:27 EST,0.6816,,NZDUSD,long,,20160410 21:46:14 EST,closed,20160410 21:46:14 EST,0.6817,,,2.0,2.0,,NZDUSD,,-2.0,-2.0,USD,99308.63142,4.0,1659553.32714,101209.99724,101479.99724,99550.63142,-7.0,-9.0
51.0,-8.576,20160410 22:21:40 EST,20160410 22:21:40 EST,20160410 22:21:40 EST,83.381,,CADJPY,short,,20160410 21:25:58 EST,closed,20160410 21:25:58 EST,83.368,,,4.0,4.0,,CADJPY,,-4.576,4.0,JPY,99296.47142,4.0,1688257.24714,100980.74924,101256.74924,99544.47142,83.424,81.424
58.0,-9.26344,20160410 22:24:41 EST,20160410 22:24:41 EST,20160410 22:24:41 EST,0.9534,,USDCHF,short,,20160410 21:58:17 EST,closed,20160410 21:58:17 EST,0.95327,,,4.0,4.0,,USDCHF,,-5.26344,4.0,CHF,99287.20798,4.0,1712183.45034,100896.41716,101176.41716,99539.20798,112.55664,110.55664
16.0,-7.6673,20160410 22:32:05 EST,20160410 22:32:05 EST,20160410 22:32:05 EST,0.8073100000000001,,EURGBP,long,,20160410 19:02:18 EST,closed,20160410 19:02:18 EST,0.80744,,,2.0,2.0,,EURGBP,,-3.6673,-2.0,GBP,99279.54068,4.0,1715657.03584,100935.7788,101219.7788,99535.54068,4.7957,2.7957
49.0,-5.2,20160410 22:43:57 EST,20160410 22:43:57 EST,20160410 22:43:57 EST,0.75638,,AUDUSD,short,,20160410 21:22:44 EST,closed,20160410 21:22:44 EST,0.75632,,,2.0,2.0,,AUDUSD,,-1.2,2.0,USD,99269.87668,4.0,1722417.60474,100642.3942,100932.3942,99531.87668,75.6,73.6
62.0,-6.63172,20160410 22:51:47 EST,20160410 22:51:47 EST,20160410 22:51:47 EST,0.95327,,USDCHF,long,,20160410 22:24:41 EST,closed,20160410 22:24:41 EST,0.9534,,,2.0,2.0,,USDCHF,,-2.63172,-2.0,CHF,99261.24496,4.0,1711912.94662,100693.22584,100989.22584,99529.24496,51.82464,49.82464
63.0,-7.6673,20160410 23:00:13 EST,20160410 23:00:13 EST,20160410 23:00:13 EST,0.8074399999999999,,EURGBP,short,,20160410 22:32:05 EST,closed,20160410 22:32:05 EST,0.80731,,,2.0,2.0,,EURGBP,,-3.6673,2.0,GBP,99253.57766,4.0,1715392.83114,100732.24546,101032.24546,99525.57766,9.5914,7.5914
60.0,-6.0,20160410 23:10:26 EST,20160410 23:10:26 EST,20160410 23:10:26 EST,0.6817,,NZDUSD,short,,20160410 22:14:27 EST,closed,20160410 22:14:27 EST,0.6816,,,2.0,2.0,,NZDUSD,,-2.0,2.0,USD,99245.57766,4.0,1691839.30074,100950.35316,101256.35316,99523.57766,-3.6,-5.6
43.0,-14.752,20160410 23:12:56 EST,20160410 23:12:56 EST,20160410 23:12:56 EST,73.783,,NZDJPY,short,,20160410 21:49:12 EST,closed,20160410 20:56:14 EST,73.774,,,4.0,4.0,,NZDJPY,,-4.752,2.0,JPY,99239.99366,10.0,1677557.10874,100800.70516,101110.70516,99521.99366,130.064,128.064
50.0,-9.28856,20160410 23:16:50 EST,20160410 23:16:50 EST,20160410 23:16:50 EST,1.29817,,USDCAD,long,,20160410 21:23:20 EST,closed,20160410 21:23:20 EST,1.29828,,,4.0,4.0,,USDCAD,,-3.28856,-2.0,CAD,99232.34938,6.0,1655862.9379,100976.66988,101292.66988,99520.34938,145.743,143.743
61.0,-10.576,20160410 23:18:31 EST,20160410 23:18:31 EST,20160410 23:18:31 EST,83.368,,CADJPY,long,,20160410 22:48:06 EST,closed,20160410 22:21:40 EST,83.381,,,4.0,4.0,,CADJPY,,-4.576,-4.0,JPY,99223.77338,6.0,1646398.38358,101189.98516,101509.98516,99515.77338,74.976,72.976
57.0,-5.0,20160410 23:20:16 EST,20160410 23:20:16 EST,20160410 23:20:16 EST,1.14071,,EURUSD,long,,20160410 21:56:36 EST,closed,20160410 21:56:36 EST,1.14076,,,2.0,2.0,,EURUSD,,-1.0,-2.0,USD,99218.77338,4.0,1654539.81558,101245.29716,101569.29716,99514.77338,-18.6,-20.6
65.0,-6.63172,20160410 23:21:42 EST,20160410 23:21:42 EST,20160410 23:21:42 EST,0.9534,,USDCHF,short,,20160410 22:51:47 EST,closed,20160410 22:51:47 EST,0.95327,,,2.0,2.0,,USDCHF,,-2.63172,2.0,CHF,99212.14166,4.0,1651026.24518,101165.38712,101493.38712,99512.14166,56.27832,54.27832
38.0,-7.8,20160410 23:24:36 EST,20160410 23:24:36 EST,20160410 23:24:36 EST,1.413,,GBPUSD,short,,20160410 20:42:01 EST,closed,20160410 20:42:01 EST,1.41281,,,2.0,2.0,,GBPUSD,,-3.8,2.0,USD,99204.34166,4.0,1659985.61558,101238.41176,101570.41176,99508.34166,-29.0,-31.0
70.0,-6.288,20160410 23:35:44 EST,20160410 23:35:44 EST,20160410 23:35:44 EST,83.381,,CADJPY,short,,20160410 23:18:31 EST,closed,20160410 23:18:31 EST,83.368,,,2.0,2.0,,CADJPY,,-2.288,2.0,JPY,99194.05366,4.0,1660032.67158,101159.01176,101497.01176,99504.05366,41.712,39.712
69.0,-7.28856,20160410 23:38:51 EST,20160410 23:38:51 EST,20160410 23:38:51 EST,1.29828,,USDCAD,short,,20160410 23:16:50 EST,closed,20160410 23:16:50 EST,1.29817,,,4.0,4.0,,USDCAD,,-3.28856,4.0,CAD,99183.5651,4.0,1699297.39446,100815.34392,101159.34392,99499.5651,296.86728,294.86728
53.0,-6.464,20160410 23:40:06 EST,20160410 23:40:06 EST,20160410 23:40:06 EST,113.541,,CHFJPY,short,,20160410 21:31:36 EST,closed,20160410 21:31:36 EST,113.527,,,2.0,2.0,,CHFJPY,,-2.464,2.0,JPY,99177.1011,4.0,1699873.92102,100802.03092,101150.03092,99497.1011,152.592,150.592
72.0,-6.63172,20160410 23:43:19 EST,20160410 23:43:19 EST,20160410 23:43:19 EST,0.95327,,USDCHF,long,,20160410 23:21:42 EST,closed,20160410 23:21:42 EST,0.9534,,,2.0,2.0,,USDCHF,,-2.63172,-2.0,CHF,99170.46938,4.0,1699188.7029,100891.23856,101243.23856,99494.46938,51.82464,49.82464
39.0,-4.88,20160410 23:47:11 EST,20160410 23:47:11 EST,20160410 23:47:11 EST,108.239,,USDJPY,short,,20160410 20:42:51 EST,closed,20160410 20:42:51 EST,108.234,,,2.0,2.0,,USDJPY,,-0.880000000002,2.0,JPY,99165.58938,4.0,1698940.76902,100745.16488,101101.16488,99493.58938,197.472,195.472
68.0,-7.168,20160410 23:53:42 EST,20160410 23:53:42 EST,20160410 23:53:42 EST,73.774,,NZDJPY,long,,20160410 23:12:56 EST,closed,20160410 23:12:56 EST,73.783,,,4.0,4.0,,NZDJPY,,-3.168,-4.0,JPY,99158.42138,4.0,1705859.15302,100678.33288,101038.33288,99490.42138,255.552,253.552
55.0,-17.392,20160410 23:54:18 EST,20160410 23:54:18 EST,20160410 23:54:18 EST,81.859,,AUDJPY,long,,20160410 23:08:24 EST,closed,20160410 21:45:37 EST,81.873,,,4.0,4.0,,AUDJPY,,-7.392,-4.0,JPY,99149.49338,10.0,1721689.29702,100364.04488,100728.04488,99485.49338,435.424,433.424
75.0,-5.64428,20160411 00:00:41 EST,20160411 00:00:41 EST,20160411 00:00:41 EST,1.29817,,USDCAD,long,,20160410 23:38:51 EST,closed,20160410 23:38:51 EST,1.29828,,,2.0,2.0,,USDCAD,,-1.64428,-2.0,CAD,99143.8491,4.0,1726687.15818,100434.7696,100802.7696,99483.8491,145.743,143.743
79.0,-5.584,20160411 00:06:59 EST,20160411 00:06:59 EST,20160411 00:06:59 EST,73.783,,NZDJPY,short,,20160410 23:53:42 EST,closed,20160410 23:53:42 EST,73.774,,,2.0,2.0,,NZDJPY,,-1.584,2.0,JPY,99138.2651,4.0,1720267.92102,100447.55524,100819.55524,99482.2651,130.064,128.064
59.0,-9.061,20160411 00:07:50 EST,20160411 00:07:50 EST,20160411 00:07:50 EST,1.08761,,EURCHF,short,,20160410 22:08:02 EST,closed,20160410 22:08:02 EST,1.08736,,,2.0,2.0,,EURCHF,,-5.061,2.0,CHF,99129.2041,4.0,1729299.68986,100517.27976,100893.27976,99477.2041,48.99048,46.99048
71.0,-5.0,20160411 00:08:56 EST,20160411 00:08:56 EST,20160411 00:08:56 EST,1.14076,,EURUSD,short,,20160410 23:20:16 EST,closed,20160410 23:20:16 EST,1.14071,,,2.0,2.0,,EURUSD,,-0.999999999998,2.0,USD,99124.2041,4.0,1730097.31302,100570.17264,100950.17264,99476.2041,-17.0,-19.0
81.0,-5.64428,20160411 00:12:57 EST,20160411 00:12:57 EST,20160411 00:12:57 EST,1.29828,,USDCAD,short,,20160411 00:00:41 EST,closed,20160411 00:00:41 EST,1.29817,,,2.0,2.0,,USDCAD,,-1.64428,2.0,CAD,99118.55982,4.0,1726688.80246,100397.49472,100781.49472,99474.55982,148.43364,146.43364
42.0,-17.92,20160411 00:14:07 EST,20160411 00:14:07 EST,20160411 00:14:07 EST,152.931,,GBPJPY,short,,20160410 21:43:13 EST,closed,20160410 20:50:52 EST,152.916,,,4.0,4.0,,GBPJPY,,-7.92,2.0,JPY,99111.91982,10.0,1734197.96902,100286.32572,100674.32572,99471.91982,250.272,248.272
41.0,-8.464,20160411 00:15:45 EST,20160411 00:15:45 EST,20160411 00:15:45 EST,123.465,,EURJPY,short,,20160410 20:48:27 EST,closed,20160410 20:48:27 EST,123.458,,,4.0,4.0,,EURJPY,,-2.464,2.0,JPY,99106.68782,6.0,1729011.95302,100315.76572,100707.76572,99470.68782,209.968,207.968
77.0,-6.63172,20160411 00:15:53 EST,20160411 00:15:53 EST,20160411 00:15:53 EST,0.9534,,USDCHF,short,,20160410 23:43:19 EST,closed,20160410 23:43:19 EST,0.95327,,,2.0,2.0,,USDCHF,,-2.63172,2.0,CHF,99100.0561,4.0,1726582.74262,100460.53568,100856.53568,99468.0561,56.27832,54.27832
80.0,-6.464,20160411 00:17:39 EST,20160411 00:17:39 EST,20160411 00:17:39 EST,81.873,,AUDJPY,short,,20160410 23:54:18 EST,closed,20160410 23:54:18 EST,81.859,,,2.0,2.0,,AUDJPY,,-2.464,2.0,JPY,99093.5921,4.0,1721691.76102,100283.78432,100683.78432,99465.5921,222.112,220.112
87.0,-5.232,20160411 05:25:47 EST,20160411 05:25:47 EST,20160411 05:25:47 EST,123.458,,EURJPY,long,,20160411 00:15:45 EST,closed,20160411 00:15:45 EST,123.465,,,2.0,2.0,,EURJPY,,-1.232,-2.0,JPY,98982.27482,4.0,1728972.63574,100182.49904,100654.49904,99426.27482,207.68,205.68
73.0,-23.4,20160411 06:09:05 EST,20160411 06:09:05 EST,20160411 06:09:05 EST,1.41281,,GBPUSD,long,,20160411 04:47:59 EST,closed,20160410 23:24:36 EST,1.413,,,4.0,4.0,,GBPUSD,,-11.4,-2.0,USD,98972.47482,12.0,1716198.36614,100466.60368,100944.60368,99422.47482,-34.4,-36.4
88.0,-19.89516,20160411 08:25:52 EST,20160411 08:25:52 EST,20160411 08:25:52 EST,0.95327,,USDCHF,long,,20160411 05:37:10 EST,closed,20160411 00:15:53 EST,0.9534,,,4.0,4.0,,USDCHF,,-7.89516,-2.0,CHF,98923.53938,12.0,1707116.00046,100425.36196,100935.36196,99405.53938,51.82464,49.82464
66.0,-7.6673,20160411 09:22:43 EST,20160411 09:22:43 EST,20160411 09:22:43 EST,0.8073100000000001,,EURGBP,long,,20160410 23:00:13 EST,closed,20160410 23:00:13 EST,0.80744,,,2.0,2.0,,EURGBP,,-3.6673,-2.0,GBP,98899.4438,4.0,1714864.24712,100376.35232,100902.35232,99397.4438,4.7957,2.7957
78.0,-4.88,20160411 10:46:46 EST,20160411 10:46:46 EST,20160411 10:46:46 EST,108.234,,USDJPY,long,,20160410 23:47:11 EST,closed,20160410 23:47:11 EST,108.239,,,2.0,2.0,,USDJPY,,-0.879999999999,-2.0,JPY,98860.4758,4.0,1697993.06072,100038.09202,100592.09202,99386.4758,195.888,193.888
92.0,-13.26344,20160411 16:27:18 EST,20160411 16:27:18 EST,20160411 16:27:18 EST,0.95327,,USDCHF,long,,20160411 11:41:23 EST,closed,20160411 08:26:30 EST,0.9534,,,4.0,4.0,,USDCHF,,-5.26344,-2.0,CHF,98795.1378,8.0,1726476.28832,100151.21738,100743.21738,99359.1378,51.82464,49.82464
76.0,-12.928,20160411 22:38:03 EST,20160411 22:38:03 EST,20160411 22:38:03 EST,113.527,,CHFJPY,long,,20160411 10:11:21 EST,closed,20160410 23:40:06 EST,113.541,,,4.0,4.0,,CHFJPY,,-4.928,-2.0,JPY,98765.6658,8.0,1727149.40272,100025.90602,100637.90602,99349.6658,147.664,145.664
64.0,-57.2,20160412 02:19:11 EST,20160412 02:19:11 EST,20160412 02:19:11 EST,0.75632,,AUDUSD,long,,20160411 22:04:33 EST,closed,20160410 22:43:57 EST,0.75638,,,4.0,4.0,,AUDUSD,,-13.2,-2.0,USD,98729.0738,44.0,1695367.33872,100307.81802,100945.81802,99339.0738,73.8,71.8
97.0,-5.2,20160412 04:00:46 EST,20160412 04:00:46 EST,20160412 04:00:46 EST,0.75632,,AUDUSD,long,,20160412 02:19:46 EST,closed,20160412 02:19:46 EST,0.75638,,,2.0,2.0,,AUDUSD,,-1.2,-2.0,USD,98699.2098,4.0,1722271.33072,100033.31402,100689.31402,99327.2098,73.8,71.8
93.0,-7.6673,20160412 04:42:18 EST,20160412 04:42:18 EST,20160412 04:42:18 EST,0.8073100000000001,,EURGBP,long,,20160411 09:23:24 EST,closed,20160411 09:23:24 EST,0.80744,,,2.0,2.0,,EURGBP,,-3.6673,-2.0,GBP,98677.0785,4.0,1641695.10498,100141.8799,100813.8799,99321.0785,4.7957,2.7957
99.0,-7.6673,20160412 04:42:51 EST,20160412 04:42:51 EST,20160412 04:42:51 EST,0.8074399999999999,,EURGBP,short,,20160412 04:42:18 EST,closed,20160412 04:42:18 EST,0.80731,,,2.0,2.0,,EURGBP,,-3.6673,2.0,GBP,98669.4112,4.0,1641698.77228,100134.2126,100810.2126,99317.4112,9.5914,7.5914
85.0,-33.86568,20160412 07:06:43 EST,20160412 07:06:43 EST,20160412 07:06:43 EST,1.29817,,USDCAD,long,,20160411 13:34:55 EST,closed,20160411 00:12:57 EST,1.29828,,,4.0,4.0,,USDCAD,,-9.86568,-2.0,CAD,98592.9382,24.0,1726515.48316,99855.09942,100575.09942,99284.9382,145.743,143.743
83.0,-45.305,20160412 07:24:13 EST,20160412 07:24:13 EST,20160412 07:24:13 EST,1.08736,,EURCHF,long,,20160412 04:33:46 EST,closed,20160411 00:07:50 EST,1.08761,,,4.0,4.0,,EURCHF,,-25.305,-2.0,CHF,98583.8772,20.0,1729121.30956,99950.88854,100674.88854,99279.8772,40.89288,38.89288
84.0,-35.0,20160412 07:29:31 EST,20160412 07:29:31 EST,20160412 07:29:31 EST,1.14071,,EURUSD,long,,20160412 04:40:34 EST,closed,20160411 00:08:56 EST,1.14076,,,4.0,4.0,,EURUSD,,-7.0,-2.0,USD,98578.8772,28.0,1729922.99372,100013.47902,100741.47902,99278.8772,-18.6,-20.6
100.0,-7.6673,20160412 07:29:40 EST,20160412 07:29:40 EST,20160412 07:29:40 EST,0.8073100000000001,,EURGBP,long,,20160412 04:42:51 EST,closed,20160412 04:42:51 EST,0.80744,,,2.0,2.0,,EURGBP,,-3.6673,-2.0,GBP,98571.2099,4.0,1729883.00882,99984.01602,100716.01602,99275.2099,4.7957,2.7957
104.0,-7.6673,20160412 07:40:59 EST,20160412 07:40:59 EST,20160412 07:40:59 EST,0.8074399999999999,,EURGBP,short,,20160412 07:29:40 EST,closed,20160412 07:29:40 EST,0.80731,,,2.0,2.0,,EURGBP,,-3.6673,2.0,GBP,98563.5426,4.0,1729886.67612,99976.34872,100712.34872,99271.5426,9.5914,7.5914
102.0,-9.061,20160412 07:46:39 EST,20160412 07:46:39 EST,20160412 07:46:39 EST,1.08761,,EURCHF,short,,20160412 07:24:13 EST,closed,20160412 07:24:13 EST,1.08736,,,2.0,2.0,,EURCHF,,-5.061,2.0,CHF,98554.4816,4.0,1729126.37056,99923.09294,100663.09294,99266.4816,48.99048,46.99048
95.0,-13.26344,20160412 07:52:38 EST,20160412 07:52:38 EST,20160412 07:52:38 EST,0.95327,,USDCHF,long,,20160412 05:35:45 EST,closed,20160411 16:27:50 EST,0.9534,,,4.0,4.0,,USDCHF,,-5.26344,-2.0,CHF,98547.84988,8.0,1726406.7916,99905.52946,100649.52946,99263.84988,51.82464,49.82464
98.0,-15.6,20160412 07:58:10 EST,20160412 07:58:10 EST,20160412 07:58:10 EST,0.75632,,AUDUSD,long,,20160412 05:37:26 EST,closed,20160412 04:01:18 EST,0.75638,,,4.0,4.0,,AUDUSD,,-3.6,-2.0,USD,98542.64988,12.0,1722235.19372,99882.80778,100630.80778,99262.64988,73.8,71.8
106.0,-9.061,20160412 08:08:24 EST,20160412 08:08:24 EST,20160412 08:08:24 EST,1.08736,,EURCHF,long,,20160412 07:46:39 EST,closed,20160412 07:46:39 EST,1.08761,,,2.0,2.0,,EURCHF,,-5.061,-2.0,CHF,98531.58888,4.0,1716135.50156,100034.2299,100788.2299,99257.58888,40.89288,38.89288
91.0,-54.6,20160412 08:09:00 EST,20160412 08:09:00 EST,20160412 08:09:00 EST,1.41281,,GBPUSD,long,,20160412 05:50:08 EST,closed,20160411 06:09:47 EST,1.413,,,4.0,4.0,,GBPUSD,,-26.6,-2.0,USD,98523.78888,28.0,1722379.18572,100109.82038,100867.82038,99253.78888,-34.4,-36.4
101.0,-5.64428,20160412 08:13:26 EST,20160412 08:13:26 EST,20160412 08:13:26 EST,1.29817,,USDCAD,long,,20160412 07:07:15 EST,closed,20160412 07:07:15 EST,1.29828,,,2.0,2.0,,USDCAD,,-1.64428,-2.0,CAD,98518.1446,4.0,1713528.03088,99929.4331,100691.4331,99252.1446,145.743,143.743
67.0,-28.0,20160412 08:18:16 EST,20160412 08:18:16 EST,20160412 08:18:16 EST,0.6816,,NZDUSD,long,,20160412 04:45:35 EST,closed,20160410 23:10:26 EST,0.6817,,,4.0,4.0,,NZDUSD,,-10.0,-2.0,USD,98512.1446,18.0,1707754.98572,100078.86674,100844.86674,99250.1446,-7.0,-9.0
108.0,-5.2,20160412 08:27:20 EST,20160412 08:27:20 EST,20160412 08:27:20 EST,0.75638,,AUDUSD,short,,20160412 07:58:10 EST,closed,20160412 07:58:10 EST,0.75632,,,2.0,2.0,,AUDUSD,,-1.2,2.0,USD,98506.9446,4.0,1709250.58572,99994.46674,100764.46674,99248.9446,75.6,73.6
103.0,-5.0,20160412 08:32:59 EST,20160412 08:32:59 EST,20160412 08:32:59 EST,1.14076,,EURUSD,short,,20160412 07:29:31 EST,closed,20160412 07:29:31 EST,1.14071,,,2.0,2.0,,EURUSD,,-0.999999999998,2.0,USD,98501.9446,4.0,1716938.18572,100080.26674,100854.26674,99247.9446,-17.0,-19.0
111.0,-5.64428,20160412 08:44:01 EST,20160412 08:44:01 EST,20160412 08:44:01 EST,1.29828,,USDCAD,short,,20160412 08:13:26 EST,closed,20160412 08:13:26 EST,1.29817,,,2.0,2.0,,USDCAD,,-1.64428,2.0,CAD,98492.30032,4.0,1662495.59276,99879.38452,100661.38452,99246.30032,148.43364,146.43364
112.0,-6.0,20160412 08:49:21 EST,20160412 08:49:21 EST,20160412 08:49:21 EST,0.6817,,NZDUSD,short,,20160412 08:18:16 EST,closed,20160412 08:18:16 EST,0.6816,,,2.0,2.0,,NZDUSD,,-2.0,2.0,USD,98486.30032,4.0,1656722.90332,100022.72752,100808.72752,99244.30032,-3.6,-5.6
107.0,-6.63172,20160412 08:54:19 EST,20160412 08:54:19 EST,20160412 08:54:19 EST,0.9534,,USDCHF,short,,20160412 07:52:38 EST,closed,20160412 07:52:38 EST,0.95327,,,2.0,2.0,,USDCHF,,-2.63172,2.0,CHF,98479.6686,4.0,1648755.53292,99945.81748,100735.81748,99241.6686,56.27832,54.27832
114.0,-5.0,20160412 09:05:24 EST,20160412 09:05:24 EST,20160412 09:05:24 EST,1.14071,,EURUSD,long,,20160412 08:32:59 EST,closed,20160412 08:32:59 EST,1.14076,,,2.0,2.0,,EURUSD,,-1.0,-2.0,USD,98465.6076,4.0,1632973.53472,100054.00576,100852.00576,99235.6076,-18.6,-20.6
109.0,-18.122,20160412 09:11:02 EST,20160412 09:11:02 EST,20160412 09:11:02 EST,1.08761,,EURCHF,short,,20160412 08:58:26 EST,closed,20160412 08:08:24 EST,1.08736,,,4.0,4.0,,EURCHF,,-10.122,2.0,CHF,98456.5466,8.0,1632176.91156,99978.95428,100780.95428,99230.5466,48.99048,46.99048
113.0,-5.2,20160412 09:32:21 EST,20160412 09:32:21 EST,20160412 09:32:21 EST,0.75632,,AUDUSD,long,,20160412 08:27:20 EST,closed,20160412 08:27:20 EST,0.75638,,,2.0,2.0,,AUDUSD,,-1.2,-2.0,USD,98435.8793,4.0,1689951.94982,99956.58416,100768.58416,99219.8793,73.8,71.8
105.0,-15.3346,20160412 09:37:29 EST,20160412 09:37:29 EST,20160412 09:37:29 EST,0.8073100000000001,,EURGBP,long,,20160412 08:43:24 EST,closed,20160412 07:40:59 EST,0.80744,,,4.0,4.0,,EURGBP,,-7.3346,-2.0,GBP,98424.628,8.0,1710583.98892,99888.36116,100706.36116,99214.628,4.7957,2.7957
110.0,-15.6,20160412 09:43:20 EST,20160412 09:43:20 EST,20160412 09:43:20 EST,1.413,,GBPUSD,short,,20160412 08:38:21 EST,closed,20160412 08:09:00 EST,1.41281,,,4.0,4.0,,GBPUSD,,-7.6,2.0,USD,98416.828,8.0,1716069.77382,99919.15256,100741.15256,99210.828,-29.0,-31.0
116.0,-10.0,20160412 09:52:44 EST,20160412 09:52:44 EST,20160412 09:52:44 EST,0.6816,,NZDUSD,long,,20160412 08:49:21 EST,closed,20160412 08:49:21 EST,0.6817,,,4.0,4.0,,NZDUSD,,-4.0,-2.0,USD,98410.828,6.0,1701441.77382,99885.75256,100711.75256,99208.828,-7.0,-9.0
119.0,-9.061,20160412 10:11:37 EST,20160412 10:11:37 EST,20160412 10:11:37 EST,1.08736,,EURCHF,long,,20160412 09:11:02 EST,closed,20160412 09:11:02 EST,1.08761,,,2.0,2.0,,EURCHF,,-5.061,-2.0,CHF,98397.13528,4.0,1729120.28754,99775.74232,100607.74232,99201.13528,40.89288,38.89288
121.0,-7.6673,20160412 10:17:35 EST,20160412 10:17:35 EST,20160412 10:17:35 EST,0.8074399999999999,,EURGBP,short,,20160412 09:37:29 EST,closed,20160412 09:37:29 EST,0.80731,,,2.0,2.0,,EURGBP,,-3.6673,2.0,GBP,98387.46798,4.0,1701625.6541,99771.0741,100609.0741,99197.46798,9.5914,7.5914
124.0,-9.061,20160412 10:22:50 EST,20160412 10:22:50 EST,20160412 10:22:50 EST,1.08761,,EURCHF,short,,20160412 10:11:37 EST,closed,20160412 10:11:37 EST,1.08736,,,2.0,2.0,,EURCHF,,-5.061,2.0,CHF,98376.40698,4.0,1658680.7767,99866.35702,100710.35702,99192.40698,48.99048,46.99048
122.0,-13.6,20160412 10:44:42 EST,20160412 10:44:42 EST,20160412 10:44:42 EST,1.41281,,GBPUSD,long,,20160412 10:13:24 EST,closed,20160412 09:43:20 EST,1.413,,,4.0,4.0,,GBPUSD,,-7.60000000001,-4.0,USD,98351.13968,6.0,1645112.90296,100074.60724,100932.60724,99181.13968,-68.8,-70.8
118.0,-5.0,20160412 11:12:42 EST,20160412 11:12:42 EST,20160412 11:12:42 EST,1.14076,,EURUSD,short,,20160412 09:05:24 EST,closed,20160412 09:05:24 EST,1.14071,,,2.0,2.0,,EURUSD,,-0.999999999998,2.0,USD,98327.6281,4.0,1669370.75522,99915.33296,100787.33296,99171.6281,-17.0,-19.0
115.0,-11.28856,20160412 11:24:09 EST,20160412 11:24:09 EST,20160412 11:24:09 EST,1.29817,,USDCAD,long,,20160412 10:18:42 EST,closed,20160412 08:44:01 EST,1.29828,,,4.0,4.0,,USDCAD,,-3.28856,-2.0,CAD,98314.18382,8.0,1667304.74438,100011.18568,100891.18568,99166.18382,145.743,143.743
123.0,-12.0,20160412 11:28:54 EST,20160412 11:28:54 EST,20160412 11:28:54 EST,0.6817,,NZDUSD,short,,20160412 10:23:24 EST,closed,20160412 09:52:44 EST,0.6816,,,4.0,4.0,,NZDUSD,,-4.0,2.0,USD,98308.18382,8.0,1661533.69922,100157.21932,101041.21932,99164.18382,-3.6,-5.6
120.0,-10.4,20160412 11:39:40 EST,20160412 11:39:40 EST,20160412 11:39:40 EST,0.75638,,AUDUSD,short,,20160412 10:33:50 EST,closed,20160412 09:32:21 EST,0.75632,,,4.0,4.0,,AUDUSD,,-2.4,2.0,USD,98296.3521,8.0,1667915.6491,100228.67496,101120.67496,99160.3521,75.6,73.6
125.0,-21.0019,20160412 11:44:04 EST,20160412 11:44:04 EST,20160412 11:44:04 EST,0.8073100000000001,,EURGBP,long,,20160412 10:37:42 EST,closed,20160412 10:17:35 EST,0.80744,,,4.0,4.0,,EURGBP,,-11.0019,-2.0,GBP,98284.6848,10.0,1625776.3922,100544.96396,101444.96396,99156.6848,4.7957,2.7957
126.0,-9.061,20160412 11:49:52 EST,20160412 11:49:52 EST,20160412 11:49:52 EST,1.08736,,EURCHF,long,,20160412 10:22:50 EST,closed,20160412 10:22:50 EST,1.08761,,,2.0,2.0,,EURCHF,,-5.061,-2.0,CHF,98273.6238,4.0,1602199.49294,100484.00148,101390.00148,99151.6238,40.89288,38.89288
127.0,-13.6,20160412 11:51:38 EST,20160412 11:51:38 EST,20160412 11:51:38 EST,1.413,,GBPUSD,short,,20160412 10:44:42 EST,closed,20160412 10:44:42 EST,1.41281,,,4.0,4.0,,GBPUSD,,-7.6,2.0,USD,98263.8238,6.0,1586717.1371,100759.87196,101671.87196,99147.8238,-29.0,-31.0
133.0,-9.061,20160412 12:00:37 EST,20160412 12:00:37 EST,20160412 12:00:37 EST,1.08761,,EURCHF,short,,20160412 11:49:52 EST,closed,20160412 11:49:52 EST,1.08736,,,2.0,2.0,,EURCHF,,-5.061,2.0,CHF,98248.4748,4.0,1547482.43678,100737.67812,101657.67812,99140.4748,48.99048,46.99048
90.0,-18.928,20160412 12:06:38 EST,20160412 12:06:38 EST,20160412 12:06:38 EST,123.458,,EURJPY,long,,20160412 11:51:01 EST,closed,20160411 05:26:20 EST,123.465,,,4.0,4.0,,EURJPY,,-4.928,-4.0,JPY,98235.3708,14.0,1582201.29194,100098.467,101026.467,99135.3708,415.36,413.36
136.0,-5.232,20160412 12:07:09 EST,20160412 12:07:09 EST,20160412 12:07:09 EST,123.465,,EURJPY,short,,20160412 12:06:38 EST,closed,20160412 12:06:38 EST,123.458,,,2.0,2.0,,EURJPY,,-1.232,2.0,JPY,98230.1388,4.0,1582202.52394,100093.235,101025.235,99134.1388,209.968,207.968
137.0,-2.0,,,,0.0,,EURJPY,long,,20160412 12:07:09 EST,open,20160412 12:07:09 EST,123.465,,,0.0,2.0,,EURJPY,,0.0,2.0,JPY,98228.1388,2.0,1560472.68394,100296.915,101232.915,99134.1388,,
117.0,-17.89516,20160412 12:08:46 EST,20160412 12:08:46 EST,20160412 12:08:46 EST,0.95327,,USDCHF,long,,20160412 10:28:53 EST,closed,20160412 08:54:19 EST,0.9534,,,4.0,4.0,,USDCHF,,-7.89516,-2.0,CHF,98223.50708,10.0,1579770.68182,100242.45864,101178.45864,99131.50708,51.82464,49.82464
135.0,-9.061,20160412 12:11:45 EST,20160412 12:11:45 EST,20160412 12:11:45 EST,1.08736,,EURCHF,long,,20160412 12:00:37 EST,closed,20160412 12:00:37 EST,1.08761,,,2.0,2.0,,EURCHF,,-5.061,-2.0,CHF,98206.39808,4.0,1609876.60778,99895.24708,100839.24708,99122.39808,40.89288,38.89288
96.0,-14.928,20160412 12:16:07 EST,20160412 12:16:07 EST,20160412 12:16:07 EST,113.527,,CHFJPY,long,,20160412 11:43:27 EST,open,20160411 22:38:34 EST,113.541,,,2.0,4.0,,CHFJPY,,-4.928,-2.0,JPY,98196.73408,10.0,1622971.24394,99711.10956,100663.10956,99118.73408,295.328,293.328
129.0,-9.28856,20160412 12:30:00 EST,20160412 12:30:00 EST,20160412 12:30:00 EST,1.29828,,USDCAD,short,,20160412 11:57:45 EST,closed,20160412 11:24:09 EST,1.29817,,,4.0,4.0,,USDCAD,,-3.28856,4.0,CAD,98182.64552,6.0,1712855.02282,99455.15372,100411.15372,99110.64552,296.86728,294.86728
130.0,-10.0,20160412 12:34:25 EST,20160412 12:34:25 EST,20160412 12:34:25 EST,0.6816,,NZDUSD,long,,20160412 12:02:52 EST,closed,20160412 11:28:54 EST,0.6817,,,4.0,4.0,,NZDUSD,,-4.0,-4.0,USD,98174.64552,6.0,1720712.33338,99606.89672,100566.89672,99106.64552,-14.0,-16.0
139.0,-9.061,20160412 12:42:11 EST,20160412 12:42:11 EST,20160412 12:42:11 EST,1.08761,,EURCHF,short,,20160412 12:11:45 EST,closed,20160412 12:11:45 EST,1.08736,,,2.0,2.0,,EURCHF,,-5.061,2.0,CHF,98161.58452,4.0,1701702.45422,99886.73324,100854.73324,99101.58452,48.99048,46.99048
140.0,-5.64428,20160412 13:01:06 EST,20160412 13:01:06 EST,20160412 13:01:06 EST,1.29817,,USDCAD,long,,20160412 12:30:00 EST,closed,20160412 12:30:00 EST,1.29828,,,2.0,2.0,,USDCAD,,-1.64428,-2.0,CAD,98155.94024,4.0,1699089.92254,99776.23884,100748.23884,99099.94024,145.743,143.743
89.0,-34.32,20160412 13:10:45 EST,20160412 13:10:45 EST,20160412 13:10:45 EST,81.859,,AUDJPY,long,,20160412 12:39:26 EST,open,20160411 00:17:39 EST,81.873,,,2.0,4.0,,AUDJPY,,-12.32,-2.0,JPY,98147.47624,22.0,1667176.20538,99941.13648,100921.13648,99097.47624,435.424,433.424
131.0,-8.4,20160412 13:17:20 EST,20160412 13:17:20 EST,20160412 13:17:20 EST,0.75632,,AUDUSD,long,,20160412 11:39:40 EST,closed,20160412 11:39:40 EST,0.75638,,,4.0,4.0,,AUDUSD,,-2.4,-2.0,USD,98138.69224,6.0,1680611.77338,99770.26448,100754.26448,99094.69224,73.8,71.8
128.0,-10.0,20160412 13:22:36 EST,20160412 13:22:36 EST,20160412 13:22:36 EST,1.14071,,EURUSD,long,,20160412 11:46:35 EST,closed,20160412 11:12:42 EST,1.14076,,,4.0,4.0,,EURUSD,,-2.0,-2.0,USD,98131.69224,8.0,1669249.50938,100053.35248,101043.35248,99093.69224,-18.6,-20.6
134.0,-13.6,20160412 13:27:30 EST,20160412 13:27:30 EST,20160412 13:27:30 EST,1.41281,,GBPUSD,long,,20160412 11:51:38 EST,closed,20160412 11:51:38 EST,1.413,,,4.0,4.0,,GBPUSD,,-7.6,-2.0,USD,98123.89224,6.0,1674691.50938,100062.95248,101056.95248,99089.89224,-34.4,-36.4
94.0,-6.88,20160412 13:32:59 EST,20160412 13:32:59 EST,20160412 13:32:59 EST,108.234,,USDJPY,long,,20160412 13:19:09 EST,open,20160411 10:47:20 EST,108.239,,,2.0,4.0,,USDJPY,,-0.879999999999,-2.0,JPY,98119.01224,6.0,1665484.49338,99831.18448,100831.18448,99089.01224,391.776,389.776
86.0,-75.04,20160412 13:34:45 EST,20160412 13:34:45 EST,20160412 13:34:45 EST,152.916,,GBPJPY,long,,20160412 13:06:01 EST,open,20160411 00:14:07 EST,152.931,,,2.0,4.0,,GBPJPY,,-29.04,-2.0,JPY,98114.37224,46.0,1692397.70938,99581.90448,100583.90448,99086.37224,489.28,487.28
74.0,-27.152,20160412 13:42:20 EST,20160412 13:42:20 EST,20160412 13:42:20 EST,83.368,,CADJPY,long,,20160412 13:14:53 EST,open,20160410 23:35:44 EST,83.381,,,2.0,4.0,,CADJPY,,-9.152,-2.0,JPY,98110.08424,18.0,1707070.47738,99540.12848,100544.12848,99084.08424,74.976,72.976
142.0,-9.061,20160412 13:43:33 EST,20160412 13:43:33 EST,20160412 13:43:33 EST,1.08736,,EURCHF,long,,20160412 12:42:11 EST,closed,20160412 12:42:11 EST,1.08761,,,2.0,2.0,,EURCHF,,-5.061,-2.0,CHF,98103.02324,4.0,1729082.99322,99494.1746,100498.1746,99079.02324,40.89288,38.89288
145.0,-5.0,20160412 13:51:02 EST,20160412 13:51:02 EST,20160412 13:51:02 EST,1.14076,,EURUSD,short,,20160412 13:22:36 EST,closed,20160412 13:22:36 EST,1.14071,,,2.0,2.0,,EURUSD,,-0.999999999998,2.0,USD,98098.02324,4.0,1729885.67738,99555.16508,100563.16508,99078.02324,-17.0,-19.0
146.0,-7.8,20160412 13:57:00 EST,20160412 13:57:00 EST,20160412 13:57:00 EST,1.413,,GBPUSD,short,,20160412 13:27:30 EST,closed,20160412 13:27:30 EST,1.41281,,,2.0,2.0,,GBPUSD,,-3.8,2.0,USD,98090.22324,4.0,1735330.47738,99557.76508,100569.76508,99074.22324,-29.0,-31.0
141.0,-6.0,20160412 14:08:51 EST,20160412 14:08:51 EST,20160412 14:08:51 EST,0.6817,,NZDUSD,short,,20160412 12:34:25 EST,closed,20160412 12:34:25 EST,0.6816,,,2.0,2.0,,NZDUSD,,-2.0,2.0,USD,98082.22324,4.0,1701299.43222,99667.39872,100685.39872,99072.22324,-3.6,-5.6
144.0,-5.2,20160412 14:21:09 EST,20160412 14:21:09 EST,20160412 14:21:09 EST,0.75638,,AUDUSD,short,,20160412 13:17:20 EST,closed,20160412 13:17:20 EST,0.75632,,,2.0,2.0,,AUDUSD,,-1.2,2.0,USD,98075.02324,4.0,1680018.81712,99587.19012,100611.19012,99071.02324,75.6,73.6
147.0,-9.061,20160412 14:39:00 EST,20160412 14:39:00 EST,20160412 14:39:00 EST,1.08761,,EURCHF,short,,20160412 13:43:33 EST,closed,20160412 13:43:33 EST,1.08736,,,2.0,2.0,,EURCHF,,-5.061,2.0,CHF,98056.65066,4.0,1729093.3658,99435.60202,100467.60202,99060.65066,48.99048,46.99048
152.0,-9.061,20160412 15:11:48 EST,20160412 15:11:48 EST,20160412 15:11:48 EST,1.08736,,EURCHF,long,,20160412 14:39:00 EST,closed,20160412 14:39:00 EST,1.08761,,,2.0,2.0,,EURCHF,,-5.061,-2.0,CHF,98047.58966,4.0,1729088.3048,99426.54102,100462.54102,99055.58966,40.89288,38.89288
132.0,-15.3346,20160412 15:19:04 EST,20160412 15:19:04 EST,20160412 15:19:04 EST,0.8074399999999999,,EURGBP,short,,20160412 14:10:57 EST,closed,20160412 11:44:04 EST,0.80731,,,4.0,4.0,,EURGBP,,-7.3346,2.0,GBP,98039.92236,8.0,1729853.67136,99458.2728,100498.2728,99051.92236,9.5914,7.5914
154.0,-259.0184,20160412 15:53:21 EST,20160412 15:53:21 EST,20160412 15:53:21 EST,0.7984,,EURGBP,long,,20160412 15:19:04 EST,closed,20160412 15:19:04 EST,0.80744,,,2.0,2.0,,EURGBP,,-255.0184,-2.0,GBP,97778.90396,4.0,1714230.25296,99363.24892,100409.24892,98796.90396,-249.6585,-251.6585
155.0,-2.3074,20160412 16:04:14 EST,20160412 16:04:14 EST,20160412 16:04:14 EST,0.7983399999999999,,EURGBP,short,,20160412 15:53:21 EST,closed,20160412 15:53:21 EST,0.7984,,,2.0,2.0,,EURGBP,,1.6926,2.0,GBP,97884.99656,4.0,1729586.96036,99300.10156,100352.10156,98908.99656,0.282100000002,-1.7179
156.0,-7.6673,20160412 16:17:45 EST,20160412 16:17:45 EST,20160412 16:17:45 EST,0.7982100000000001,,EURGBP,long,,20160412 16:04:14 EST,closed,20160412 16:04:14 EST,0.79834,,,2.0,2.0,,EURGBP,,-3.6673,-2.0,GBP,97877.32926,4.0,1729583.29306,99339.76954,100395.76954,98905.32926,-0.564199999997,-2.5642
157.0,-2.3074,20160412 16:30:42 EST,20160412 16:30:42 EST,20160412 16:30:42 EST,0.79815,,EURGBP,short,,20160412 16:17:45 EST,closed,20160412 16:17:45 EST,0.79821,,,2.0,2.0,,EURGBP,,1.6926,2.0,GBP,97875.02186,4.0,1729581.60046,99354.43966,100414.43966,98907.02186,1.6926,-0.307400000001
138.0,-47.5246,20160412 16:35:02 EST,20160412 16:35:02 EST,20160412 16:35:02 EST,0.95542,,USDCHF,short,,20160412 12:08:46 EST,closed,20160412 12:08:46 EST,0.95327,,,2.0,2.0,,USDCHF,,-43.5246,2.0,CHF,97827.49726,4.0,1726407.31144,99262.60936,100326.60936,98863.49726,37.65384,35.65384
158.0,-16.6945,20160412 16:42:06 EST,20160412 16:42:06 EST,20160412 16:42:06 EST,0.7977,,EURGBP,long,,20160412 16:30:42 EST,closed,20160412 16:30:42 EST,0.79815,,,2.0,2.0,,EURGBP,,-12.6945,-2.0,GBP,97808.80276,4.0,1716343.20996,99256.04124,100326.04124,98850.80276,-12.4124,-14.4124
148.0,-49.0,20160412 16:45:31 EST,20160412 16:45:31 EST,20160412 16:45:31 EST,1.13851,,EURUSD,long,,20160412 13:51:02 EST,closed,20160412 13:51:02 EST,1.14076,,,2.0,2.0,,EURUSD,,-45.0,-2.0,USD,97759.80276,4.0,1716610.29296,99279.49018,100353.49018,98805.80276,-47.6,-49.6
159.0,-9.46588,20160412 17:07:02 EST,20160412 17:07:02 EST,20160412 17:07:02 EST,0.95515,,USDCHF,long,,20160412 16:35:02 EST,closed,20160412 16:35:02 EST,0.95542,,,2.0,2.0,,USDCHF,,-5.46588,-2.0,CHF,97750.33688,4.0,1713176.14956,99254.36778,100332.36778,98800.33688,-2.22684,-4.22684
82.0,38.488,20160412 17:12:59 EST,20160412 17:12:59 EST,20160412 17:12:59 EST,75.098,,NZDJPY,long,,20160412 16:42:03 EST,open,20160411 00:06:59 EST,74.4645,,,2.0,4.0,,NZDJPY,,92.488,-2.0,JPY,97857.83288,54.0,1707057.34096,99234.5435,100318.5435,98911.83288,222.992,220.992
153.0,-12.70492,20160412 17:31:06 EST,20160412 17:31:06 EST,20160412 17:31:06 EST,1.08779,,EURCHF,short,,20160412 15:11:48 EST,closed,20160412 15:11:48 EST,1.08736,,,2.0,2.0,,EURCHF,,-8.70492,2.0,CHF,97847.12796,4.0,1729078.56172,99168.31388,100252.31388,98903.12796,9.51467999999,7.51467999999
162.0,-12.30004,20160412 17:41:20 EST,20160412 17:41:20 EST,20160412 17:41:20 EST,0.95556,,USDCHF,short,,20160412 17:07:44 EST,closed,20160412 17:07:44 EST,0.95515,,,2.0,2.0,,USDCHF,,-8.30004,2.0,CHF,97834.82792,4.0,1726401.6976,99179.56704,100267.56704,98894.82792,6.47808,4.47808
151.0,218.8,20160412 17:48:19 EST,20160412 17:48:19 EST,20160412 17:48:19 EST,0.76807,,AUDUSD,long,,20160412 15:29:28 EST,closed,20160412 14:21:09 EST,0.7624,,,4.0,4.0,,AUDUSD,,226.8,-2.0,USD,97947.22792,8.0,1722429.83856,99207.28968,100299.28968,99011.22792,111.4,109.4
165.0,-2.0,,,,0.0,,AUDUSD,short,,20160412 17:48:19 EST,open,20160412 17:48:19 EST,0.76822,,,0.0,2.0,,AUDUSD,,0.0,-2.0,USD,97945.22792,2.0,1707065.43856,99205.96968,100301.96968,99011.22792,,
160.0,-12.463,20160412 17:49:27 EST,20160412 17:49:27 EST,20160412 17:49:27 EST,0.7979999999999999,,EURGBP,short,,20160412 16:42:06 EST,closed,20160412 16:42:06 EST,0.7977,,,2.0,2.0,,EURGBP,,-8.463,2.0,GBP,97934.76492,4.0,1729577.01856,99181.35312,100277.35312,99002.76492,13.5408,11.5408
161.0,-6.59999999999,20160412 17:54:31 EST,20160412 17:54:31 EST,20160412 17:54:31 EST,1.13864,,EURUSD,short,,20160412 16:45:31 EST,closed,20160412 16:45:31 EST,1.13851,,,2.0,2.0,,EURUSD,,-2.59999999999,2.0,USD,97928.16492,4.0,1729838.23856,99184.84952,100284.84952,99000.16492,-1.4,-3.4
149.0,261.8,20160412 18:00:20 EST,20160412 18:00:20 EST,20160412 18:00:20 EST,1.42629,,GBPUSD,long,,20160412 13:57:00 EST,closed,20160412 13:57:00 EST,1.413,,,2.0,2.0,,GBPUSD,,265.8,-2.0,USD,98189.96492,4.0,1735591.23856,99197.7541,100301.7541,99265.96492,269.4,267.4
163.0,-9.26344,20160412 18:12:23 EST,20160412 18:12:23 EST,20160412 18:12:23 EST,1.08753,,EURCHF,long,,20160412 17:31:06 EST,closed,20160412 17:31:06 EST,1.08779,,,2.0,2.0,,EURCHF,,-5.26344,-2.0,CHF,98180.70148,4.0,1729081.39588,99196.18122,100304.18122,99260.70148,-2.63172,-4.63172
169.0,-2.0,,,,0.0,,EURCHF,short,,20160412 18:12:23 EST,open,20160412 18:12:23 EST,1.08753,,,0.0,2.0,,EURCHF,,0.0,-2.0,CHF,98178.70148,2.0,1707065.43856,99196.67102,100308.67102,99260.70148,,
150.0,200.8,20160412 18:19:53 EST,20160412 18:19:53 EST,20160412 18:19:53 EST,0.69194,,NZDUSD,long,,20160412 14:08:51 EST,closed,20160412 14:08:51 EST,0.6817,,,2.0,2.0,,NZDUSD,,204.8,-2.0,USD,98381.50148,4.0,1720904.23856,99210.28182,100322.28182,99465.50148,203.4,201.4
170.0,-2.0,,,,0.0,,NZDUSD,short,,20160412 18:19:53 EST,open,20160412 18:19:53 EST,0.69194,,,0.0,2.0,,NZDUSD,,0.0,-2.0,USD,98379.50148,2.0,1707065.43856,99209.48182,100325.48182,99465.50148,,
167.0,-11.0,20160412 18:22:52 EST,20160412 18:22:52 EST,20160412 18:22:52 EST,1.13829,,EURUSD,long,,20160412 17:54:31 EST,closed,20160412 17:54:31 EST,1.13864,,,2.0,2.0,,EURUSD,,-7.0,-2.0,USD,98370.50148,4.0,1729831.23856,99218.93214,100334.93214,99458.50148,-6.4,-8.4
166.0,-3.7179,20160412 18:22:59 EST,20160412 18:22:59 EST,20160412 18:22:59 EST,0.79801,,EURGBP,long,,20160412 17:49:27 EST,closed,20160412 17:49:27 EST,0.798,,,2.0,2.0,,EURGBP,,0.282100000002,-2.0,GBP,98366.78358,4.0,1729577.30066,99215.02814,100335.02814,99458.78358,0.282100000002,-1.7179
172.0,-2.0,,,,0.0,,EURGBP,short,,20160412 18:22:59 EST,open,20160412 18:22:59 EST,0.79801,,,0.0,2.0,,EURGBP,,0.0,-2.0,GBP,98364.78358,2.0,1707065.43856,99214.29504,100338.29504,99458.78358,,
164.0,-156.8422,20160413 07:14:48 EST,20160413 07:14:48 EST,20160413 07:14:48 EST,0.96271,,USDCHF,short,,20160412 17:41:57 EST,closed,20160412 17:41:57 EST,0.95516,,,2.0,2.0,,USDCHF,,-152.8422,2.0,CHF,98209.94138,4.0,1726554.5398,99127.37816,100251.37816,99305.94138,8.70492,6.70492
143.0,259.12076,20160413 07:17:08 EST,20160413 07:17:08 EST,20160413 07:17:08 EST,1.289235,,USDCAD,short,,20160412 14:03:22 EST,closed,20160412 13:01:06 EST,1.29817,,,4.0,4.0,,USDCAD,,267.12076,2.0,CAD,98474.70642,8.0,1706712.61744,99605.97224,100733.97224,99574.70642,-267.41972,-269.41972
174.0,-4.0,,,,,,USDCAD,long,,20160413 07:33:48 EST,open,20160413 07:17:08 EST,1.28036,,,0.0,4.0,,USDCAD,,0.0,2.0,CAD,98473.76742,4.0,1687929.13712,99639.5208,100775.5208,99579.76742,-0.149480000001,-2.14948
173.0,-0.939,,,,,,USDCHF,long,,20160413 07:34:56 EST,open,20160413 07:14:48 EST,0.962955,,,0.0,4.0,,USDCHF,,5.061,2.0,CHF,98471.76742,6.0,1668430.11632,99687.97506,100825.97506,99579.76742,6.68052,4.68052
171.0,-4.0,,,,,,EURUSD,short,,20160413 07:36:02 EST,open,20160412 18:22:52 EST,1.134245,,,0.0,4.0,,EURUSD,,0.0,-2.0,USD,98469.76742,4.0,1645826.11632,99662.23574,100802.23574,99579.76742,-161.6,-163.6
168.0,-4.0,,,,,,GBPUSD,short,,20160413 07:37:51 EST,open,20160412 18:00:20 EST,1.424945,,,0.0,4.0,,GBPUSD,,0.0,-2.0,USD,98467.76742,4.0,1617354.11632,99658.6872,100800.6872,99579.76742,-53.6,-55.6
