timestamp,YYYYMMDD,fee_event_list,index_price,strategy_raw,strategy_with_cost,unix_timestamp
2016-08-25 02:52:46,20160824,[-100],2175.44,100000,99900,1472093566
2016-08-25 04:03:54,20160825,,2172.47,99859,99578,1472097834
2016-08-25 04:03:59,20160825,,2172.47,99859,99578,1472097839
2016-08-25 05:38:52,20160825,,2172.47,99738,99457,1472103532
2016-08-25 07:29:24,20160825,,2172.47,99934,99653,1472110164
2016-08-25 07:30:25,20160825,,2172.47,99936,99655,1472110225
2016-08-25 08:15:36,20160825,,2172.47,99996,99715,1472112936
2016-08-25 08:21:29,20160825,,2172.47,99977,99696,1472113289
2016-08-25 10:02:37,20160825,,2172.47,100042,99761,1472119357
2016-08-25 11:29:26,20160825,,2172.47,99376,99095,1472124566
2016-08-25 13:20:55,20160825,,2172.47,99947,99666,1472131255
2016-08-25 14:58:19,20160825,,2172.47,100766,100485,1472137099
2016-08-25 16:31:18,20160825,,2172.47,100057,99776,1472142678
2016-08-25 18:25:58,20160825,,2172.47,100289,100008,1472149558
2016-08-25 19:53:30,20160825,,2172.47,100570,100289,1472154810
2016-08-25 21:47:44,20160825,,2172.47,100885,100604,1472161664
2016-08-25 23:14:41,20160825,,2172.47,100814,100533,1472166881
2016-08-26 00:44:27,20160825,,2172.47,100220,99939,1472172267
2016-08-26 02:13:44,20160825,,2172.47,99607,99326,1472177624
2016-08-26 02:14:19,20160825,,2172.47,99587,99306,1472177659
2016-08-26 03:39:40,20160825,,2172.47,99741,99460,1472182780
2016-08-26 05:09:21,20160826,,2169.04,99734,99439,1472188161
2016-08-26 06:32:16,20160826,,2169.04,99725,99430,1472193136
2016-08-26 07:30:26,20160826,,2169.04,99846,99551,1472196626
2016-08-26 07:30:30,20160826,,2169.04,99836,99541,1472196630
2016-08-26 08:41:58,20160826,,2169.04,100012,99717,1472200918
2016-08-26 10:39:38,20160826,,2169.04,99884,99589,1472207978
2016-08-26 12:25:24,20160826,,2169.04,99654,99359,1472214324
2016-08-26 14:02:00,20160826,,2169.04,100392,100097,1472220120
2016-08-26 15:38:13,20160826,,2169.04,98584,98289,1472225893
2016-08-26 17:24:06,20160826,,2169.04,100608,100313,1472232246
2016-08-26 19:05:02,20160826,,2169.04,101500,101205,1472238302
2016-08-26 20:23:01,20160826,,2169.04,101768,101473,1472242981
2016-08-26 21:38:46,20160826,,2169.04,101882,101587,1472247526
2016-08-27 03:04:53,20160826,,2169.04,101882,101587,1472267093
2016-08-27 12:15:15,20160827,,2169.04,101882,101587,1472300115
2016-08-28 08:49:40,20160828,,2169.04,101882,101531,1472374180
2016-08-28 21:44:08,20160828,,2169.04,101881,101530,1472420648
2016-08-28 22:09:26,20160828,,2169.04,102156,101805,1472422166
2016-08-28 22:27:54,20160828,,2169.04,102050,101699,1472423274
2016-08-28 22:41:28,20160828,,2169.04,101974,101623,1472424088
2016-08-28 23:18:35,20160828,,2169.04,101799,101448,1472426315
2016-08-29 00:01:00,20160828,,2169.04,101446,101095,1472428860
2016-08-29 00:02:39,20160828,,2169.04,101470,101119,1472428959
2016-08-29 00:31:36,20160828,,2169.04,101487,101136,1472430696
2016-08-29 01:00:50,20160828,,2169.04,101352,101001,1472432450
2016-08-29 01:01:16,20160828,,2169.04,101458,101107,1472432476
2016-08-29 01:37:38,20160828,,2169.04,101389,101038,1472434658
2016-08-29 02:12:33,20160828,,2169.04,101526,101175,1472436753
2016-08-29 02:51:32,20160828,,2169.04,101391,101040,1472439092
2016-08-29 03:50:56,20160828,,2169.04,101413,101062,1472442656
2016-08-29 04:49:27,20160829,,2180.38,101486,101065,1472446167
2016-08-29 05:49:33,20160829,,2180.38,101252,100831,1472449773
2016-08-29 06:49:35,20160829,,2180.38,100854,100433,1472453375
2016-08-29 07:49:26,20160829,,2180.38,101054,100633,1472456966
2016-08-29 08:35:20,20160829,,2180.38,100736,100315,1472459720
2016-08-29 08:35:25,20160829,,2180.38,100724,100303,1472459725
2016-08-29 09:45:49,20160829,,2180.38,100904,100483,1472463949
2016-08-29 10:23:57,20160829,,2180.38,100644,100223,1472466237
2016-08-29 11:27:27,20160829,,2180.38,100580,100159,1472470047
2016-08-29 12:44:26,20160829,,2180.38,98898,98477,1472474666
2016-08-29 14:17:23,20160829,,2180.38,99692,99271,1472480243
2016-08-29 15:45:36,20160829,,2180.38,99562,99141,1472485536
2016-08-29 16:48:46,20160829,,2180.38,99341,98920,1472489326
2016-08-29 18:25:55,20160829,,2180.38,98837,98416,1472495155
2016-08-29 20:10:12,20160829,,2180.38,99088,98667,1472501412
2016-08-29 21:57:01,20160829,,2180.38,99281,98860,1472507821
2016-08-29 23:27:02,20160829,,2180.38,99266,98845,1472513222
2016-08-30 01:03:36,20160829,,2180.38,99104,98683,1472519016
2016-08-30 02:40:50,20160829,,2180.38,98840,98419,1472524850
2016-08-30 04:22:24,20160830,,2176.12,99014,98495,1472530944
2016-08-30 04:57:33,20160830,,2176.12,98900,98381,1472533053
2016-08-30 05:06:29,20160830,,2176.12,98859,98340,1472533589
2016-08-30 06:48:25,20160830,,2176.12,98876,98357,1472539705
2016-08-30 08:03:39,20160830,,2176.12,99127,98608,1472544219
2016-08-30 09:28:01,20160830,,2176.12,99514,98995,1472549281
2016-08-30 11:19:48,20160830,,2176.12,99283,98764,1472555988
2016-08-30 13:05:49,20160830,,2176.12,98908,98389,1472562349
2016-08-30 14:33:04,20160830,,2176.12,96453,95934,1472567584
2016-08-30 16:10:57,20160830,,2176.12,95939,95420,1472573457
2016-08-30 17:48:15,20160830,,2176.12,96827,96308,1472579295
2016-08-30 19:35:13,20160830,,2176.12,97371,96852,1472585713
2016-08-30 21:07:17,20160830,,2176.12,96835,96316,1472591237
2016-08-30 22:39:38,20160830,,2176.12,96711,96192,1472596778
2016-08-31 00:17:14,20160830,,2176.12,97154,96635,1472602634
2016-08-31 01:58:10,20160830,,2176.12,96861,96342,1472608690
2016-08-31 02:57:17,20160830,,2176.12,96724,96205,1472612237
2016-08-31 03:13:39,20160830,,2176.12,96722,96203,1472613219
2016-08-31 04:30:01,20160831,,2170.95,96817,96256,1472617801
2016-08-31 06:09:21,20160831,,2170.95,96575,96014,1472623761
2016-08-31 07:39:42,20160831,,2170.95,96503,95942,1472629182
2016-08-31 09:34:10,20160831,,2170.95,96855,96294,1472636050
2016-08-31 11:23:17,20160831,,2170.95,96455,95894,1472642597
2016-08-31 13:08:35,20160831,,2170.95,95716,95155,1472648915
2016-08-31 13:15:17,20160831,,2170.95,95794,95233,1472649317
2016-08-31 14:55:36,20160831,,2170.95,94569,94008,1472655336
2016-08-31 16:10:34,20160831,,2170.95,94950,94389,1472659834
2016-08-31 17:54:39,20160831,,2170.95,94917,94356,1472666079
2016-08-31 19:28:59,20160831,,2170.95,95037,94476,1472671739
2016-08-31 20:50:48,20160831,,2170.95,95058,94497,1472676648
2016-08-31 22:21:59,20160831,,2170.95,95296,94735,1472682119
2016-08-31 23:42:34,20160831,,2170.95,95492,94931,1472686954
2016-09-01 01:12:36,20160831,,2170.95,95292,94731,1472692356
2016-09-01 02:37:24,20160831,,2170.95,95363,94802,1472697444
2016-09-01 03:46:49,20160831,,2170.95,95767,95206,1472701609
2016-09-01 03:59:59,20160831,,2170.95,96070,95509,1472702399
2016-09-01 06:26:35,20160901,,2170.86,96547,95958,1472711195
2016-09-01 07:42:49,20160901,,2170.86,97009,96420,1472715769
2016-09-01 09:04:37,20160901,,2170.86,97755,97166,1472720677
2016-09-01 10:16:39,20160901,,2170.86,97401,96812,1472724999
2016-09-01 11:40:28,20160901,,2170.86,97226,96637,1472730028
2016-09-01 13:34:56,20160901,,2170.86,97473,96884,1472736896
2016-09-01 15:00:02,20160901,,2170.86,94855,94266,1472742002
2016-09-01 16:34:38,20160901,,2170.86,96508,95919,1472747678
2016-09-01 18:31:45,20160901,,2170.86,95928,95339,1472754705
2016-09-01 19:46:29,20160901,,2170.86,96124,95535,1472759189
2016-09-01 21:18:58,20160901,,2170.86,96376,95787,1472764738
2016-09-01 22:54:07,20160901,,2170.86,96396,95807,1472770447
2016-09-02 00:24:42,20160901,,2170.86,96461,95872,1472775882
2016-09-02 02:09:52,20160901,,2170.86,96542,95953,1472782192
2016-09-02 03:41:58,20160901,,2170.86,96922,96333,1472787718
2016-09-02 05:17:45,20160902,,2179.98,97058,96455,1472793465
2016-09-02 06:40:23,20160902,,2179.98,97665,97062,1472798423
2016-09-02 08:15:26,20160902,,2179.98,97384,96781,1472804126
2016-09-02 09:31:45,20160902,,2179.98,97652,97049,1472808705
2016-09-02 10:41:35,20160902,,2179.98,97727,97124,1472812895
2016-09-02 12:39:18,20160902,,2179.98,97274,96671,1472819958
2016-09-02 12:46:53,20160902,,2179.98,97535,96932,1472820413
2016-09-02 14:24:38,20160902,,2179.98,99654,99051,1472826278
2016-09-02 16:08:27,20160902,,2179.98,100173,99570,1472832507
2016-09-02 17:22:51,20160902,,2179.98,99528,98925,1472836971
2016-09-02 18:33:08,20160902,,2179.98,98735,98132,1472841188
2016-09-02 19:56:58,20160902,,2179.98,98575,97972,1472846218
2016-09-02 21:23:24,20160902,,2179.98,99042,98439,1472851404
2016-09-03 02:20:59,20160902,,2179.98,99042,98439,1472869259
2016-09-03 11:53:24,20160903,,2179.98,99042,98439,1472903604
2016-09-04 11:59:57,20160904,,2179.98,99042,98349,1472990397
2016-09-04 23:16:24,20160904,,2179.98,97911,97218,1473030984
2016-09-04 23:30:25,20160904,,2179.98,98062,97369,1473031825
2016-09-04 23:31:17,20160904,,2179.98,96851,96158,1473031877
2016-09-04 23:46:06,20160904,,2179.98,98100,97407,1473032766
2016-09-05 00:00:47,20160904,,2179.98,98116,97423,1473033647
2016-09-05 00:02:07,20160904,,2179.98,98109,97416,1473033727
2016-09-05 00:17:37,20160904,,2179.98,98010,97317,1473034657
2016-09-05 00:20:37,20160904,,2179.98,97989,97296,1473034837
2016-09-05 00:25:23,20160904,,2179.98,98015,97322,1473035123
2016-09-05 00:36:44,20160904,,2179.98,98154,97461,1473035804
2016-09-05 00:51:39,20160904,,2179.98,98022,97329,1473036699
2016-09-05 01:00:33,20160904,,2179.98,97925,97232,1473037233
2016-09-05 01:08:52,20160904,,2179.98,97792,97099,1473037732
2016-09-05 01:24:41,20160904,,2179.98,97686,96993,1473038681
2016-09-05 01:38:17,20160904,,2179.98,97697,97004,1473039497
2016-09-05 01:54:00,20160904,,2179.98,97655,96962,1473040440
2016-09-05 02:10:38,20160904,,2179.98,97562,96869,1473041438
2016-09-05 02:25:54,20160904,,2179.98,97882,97189,1473042354
2016-09-05 02:41:20,20160904,,2179.98,97846,97153,1473043280
2016-09-05 02:56:19,20160904,,2179.98,97832,97139,1473044179
2016-09-05 03:12:37,20160904,,2179.98,97689,96996,1473045157
2016-09-05 03:27:54,20160904,,2179.98,97671,96978,1473046074
2016-09-05 03:43:53,20160904,,2179.98,97713,97020,1473047033
2016-09-05 03:59:16,20160904,,2179.98,97775,97082,1473047956
2016-09-05 04:16:30,20160905,,2179.98,97920,97185,1473048990
2016-09-05 04:33:56,20160905,,2179.98,98079,97344,1473050036
2016-09-05 04:50:25,20160905,,2179.98,98197,97462,1473051025
2016-09-05 05:07:26,20160905,,2179.98,98279,97544,1473052046
2016-09-05 05:25:40,20160905,,2179.98,98365,97630,1473053140
2016-09-05 05:41:31,20160905,,2179.98,98299,97564,1473054091
2016-09-05 05:58:49,20160905,,2179.98,98283,97548,1473055129
2016-09-05 06:17:14,20160905,,2179.98,98413,97678,1473056234
2016-09-05 06:34:19,20160905,,2179.98,98321,97586,1473057259
2016-09-05 06:50:22,20160905,,2179.98,98235,97500,1473058222
2016-09-05 07:09:56,20160905,,2179.98,98204,97469,1473059396
2016-09-05 07:30:27,20160905,,2179.98,99320,98585,1473060627
2016-09-05 07:51:34,20160905,,2179.98,98951,98216,1473061894
2016-09-05 08:16:38,20160905,,2179.98,99279,98544,1473063398
2016-09-05 08:38:21,20160905,,2179.98,100138,99403,1473064701
2016-09-05 09:02:54,20160905,,2179.98,100024,99289,1473066174
2016-09-05 09:27:16,20160905,,2179.98,100380,99645,1473067636
2016-09-05 09:51:33,20160905,,2179.98,99523,98788,1473069093
2016-09-05 10:18:57,20160905,,2179.98,98897,98162,1473070737
2016-09-05 10:44:29,20160905,,2179.98,99359,98624,1473072269
2016-09-05 11:10:51,20160905,,2179.98,99089,98354,1473073851
2016-09-05 11:38:57,20160905,,2179.98,98755,98020,1473075537
2016-09-05 12:06:57,20160905,,2179.98,98416,97681,1473077217
2016-09-05 12:37:48,20160905,,2179.98,98175,97440,1473079068
2016-09-05 13:07:38,20160905,,2179.98,98527,97792,1473080858
2016-09-05 13:37:19,20160905,,2179.98,98250,97515,1473082639
2016-09-05 14:06:34,20160905,,2179.98,97953,97218,1473084394
2016-09-05 14:35:22,20160905,,2179.98,97928,97193,1473086122
2016-09-05 15:05:02,20160905,,2179.98,98088,97353,1473087902
2016-09-05 15:34:32,20160905,,2179.98,98285,97550,1473089672
2016-09-05 16:05:46,20160905,,2179.98,98362,97627,1473091546
2016-09-05 16:35:50,20160905,,2179.98,98471,97736,1473093350
2016-09-05 17:14:51,20160905,,2179.98,98393,97658,1473095691
2016-09-05 17:47:38,20160905,,2179.98,98396,97661,1473097658
2016-09-05 18:17:59,20160905,,2179.98,98488,97753,1473099479
2016-09-05 18:54:40,20160905,,2179.98,98457,97722,1473101680
2016-09-05 20:11:57,20160905,,2179.98,98420,97685,1473106317
2016-09-05 20:49:27,20160905,,2179.98,98389,97654,1473108567
2016-09-05 21:26:59,20160905,,2179.98,98491,97756,1473110819
2016-09-05 22:04:19,20160905,,2179.98,98364,97629,1473113059
2016-09-05 22:37:19,20160905,,2179.98,98359,97624,1473115039
2016-09-05 23:23:14,20160905,,2179.98,98181,97446,1473117794
2016-09-06 00:05:30,20160905,,2179.98,97993,97258,1473120330
2016-09-06 00:43:00,20160905,,2179.98,97787,97052,1473122580
2016-09-06 01:25:23,20160905,,2179.98,97937,97202,1473125123
2016-09-06 02:25:37,20160905,,2179.98,98351,97616,1473128737
2016-09-06 02:27:59,20160905,,2179.98,98256,97521,1473128879
2016-09-06 03:27:59,20160905,,2179.98,98363,97628,1473132479
2016-09-06 04:29:52,20160906,,2186.48,98491,97672,1473136192
2016-09-06 05:37:50,20160906,,2186.48,98494,97675,1473140270
2016-09-06 06:36:12,20160906,,2186.48,98530,97711,1473143772
2016-09-06 07:35:57,20160906,,2186.48,97965,97146,1473147357
2016-09-06 08:21:51,20160906,,2186.48,97779,96960,1473150111
2016-09-06 09:31:33,20160906,,2186.48,97593,96774,1473154293
2016-09-06 10:20:03,20160906,,2186.48,97230,96411,1473157203
2016-09-06 11:26:05,20160906,,2186.48,97429,96610,1473161165
2016-09-06 12:30:25,20160906,,2186.48,97016,96197,1473165025
2016-09-06 13:43:10,20160906,,2186.48,96660,95841,1473169390
2016-09-06 14:39:01,20160906,,2186.48,95858,95039,1473172741
2016-09-06 15:40:54,20160906,,2186.48,95402,94583,1473176454
2016-09-06 17:17:35,20160906,,2186.48,94765,93946,1473182255
2016-09-06 18:57:29,20160906,,2186.48,95256,94437,1473188249
2016-09-06 20:40:37,20160906,,2186.48,95309,94490,1473194437
2016-09-06 22:32:35,20160906,,2186.48,95436,94617,1473201155
2016-09-07 00:17:43,20160906,,2186.48,95196,94377,1473207463
2016-09-07 01:56:44,20160906,,2186.48,95114,94295,1473213404
2016-09-07 02:24:20,20160906,,2186.48,95459,94640,1473215060
2016-09-07 04:06:36,20160907,,2186.15,94846,93950,1473221196
2016-09-07 05:45:01,20160907,,2186.15,94809,93913,1473227101
2016-09-07 07:27:42,20160907,,2186.15,94482,93586,1473233262
2016-09-07 08:21:22,20160907,,2186.15,94851,93955,1473236482
2016-09-07 10:08:27,20160907,,2186.15,95261,94365,1473242907
2016-09-07 11:51:32,20160907,,2186.15,94761,93865,1473249092
2016-09-07 13:52:30,20160907,,2186.15,94650,93754,1473256350
2016-09-07 15:10:36,20160907,,2186.15,94929,94033,1473261036
2016-09-07 16:42:50,20160907,,2186.15,94684,93788,1473266570
2016-09-07 18:28:50,20160907,,2186.15,94386,93490,1473272930
2016-09-07 20:09:51,20160907,,2186.15,94348,93452,1473278991
2016-09-07 21:40:57,20160907,,2186.15,93870,92974,1473284457
2016-09-07 23:18:01,20160907,,2186.15,93732,92836,1473290281
2016-09-08 01:00:45,20160907,,2186.15,93350,92454,1473296445
2016-09-08 02:47:38,20160907,,2186.15,93538,92642,1473302858
2016-09-08 03:34:17,20160907,,2186.15,93645,92749,1473305657
2016-09-08 05:11:53,20160908,,2181.30,93971,93005,1473311513
2016-09-08 06:52:16,20160908,,2181.30,93789,92823,1473317536
2016-09-08 08:21:27,20160908,,2181.30,93588,92622,1473322887
2016-09-08 08:21:33,20160908,,2181.30,93656,92690,1473322893
2016-09-08 10:06:21,20160908,,2181.30,94314,93348,1473329181
2016-09-08 11:54:49,20160908,,2181.30,94633,93667,1473335689
2016-09-08 13:09:55,20160908,,2181.30,95140,94174,1473340195
2016-09-08 14:21:34,20160908,,2181.30,94734,93768,1473344494
2016-09-08 15:46:48,20160908,,2181.30,94271,93305,1473349608
2016-09-08 17:13:36,20160908,,2181.30,92949,91983,1473354816
2016-09-08 18:50:21,20160908,,2181.30,93052,92086,1473360621
2016-09-08 20:31:30,20160908,,2181.30,93077,92111,1473366690
2016-09-08 21:43:11,20160908,,2181.30,93426,92460,1473370991
2016-09-08 23:22:17,20160908,,2181.30,93530,92564,1473376937
2016-09-09 00:58:55,20160908,,2181.30,93370,92404,1473382735
2016-09-09 02:04:47,20160908,,2181.30,93378,92412,1473386687
2016-09-09 03:38:34,20160908,,2181.30,93550,92584,1473392314
2016-09-09 05:16:00,20160909,,2127.81,93359,92366,1473398160
2016-09-09 06:54:54,20160909,,2127.81,92807,91814,1473404094
2016-09-09 07:30:33,20160909,,2127.81,92463,91470,1473406233
2016-09-09 07:30:40,20160909,,2127.81,92469,91476,1473406240
2016-09-09 08:15:26,20160909,,2127.81,92285,91292,1473408926
2016-09-09 08:15:37,20160909,,2127.81,92191,91198,1473408937
2016-09-09 09:58:01,20160909,,2127.81,92314,91321,1473415081
2016-09-09 11:47:47,20160909,,2127.81,90482,89489,1473421667
2016-09-09 13:47:24,20160909,,2127.81,88178,87185,1473428844
2016-09-09 15:42:01,20160909,,2127.81,86669,85676,1473435721
2016-09-09 17:29:41,20160909,,2127.81,85078,84085,1473442181
2016-09-09 19:18:46,20160909,,2127.81,84322,83329,1473448726
2016-09-09 20:57:29,20160909,,2127.81,82439,81446,1473454649
2016-09-09 22:35:29,20160909,,2127.81,82971,81978,1473460529
2016-09-10 03:26:43,20160909,,2127.81,82971,81978,1473478003
2016-09-10 03:33:35,20160909,,2127.81,82971,81978,1473478415
2016-09-10 13:01:00,20160910,,2127.81,82971,81978,1473512460
2016-09-11 11:51:28,20160911,,2127.81,82971,81936,1473594688
2016-09-11 22:40:04,20160911,,2127.81,81615,80580,1473633604
2016-09-11 22:55:15,20160911,,2127.81,81871,80836,1473634515
2016-09-11 23:23:02,20160911,,2127.81,82248,81213,1473636182
2016-09-11 23:30:32,20160911,,2127.81,82367,81332,1473636632
2016-09-11 23:47:37,20160911,,2127.81,83297,82262,1473637657
2016-09-12 00:00:43,20160911,,2127.81,83122,82087,1473638443
2016-09-12 00:09:36,20160911,,2127.81,83056,82021,1473638976
2016-09-12 00:35:07,20160911,,2127.81,83109,82074,1473640507
2016-09-12 01:14:58,20160911,,2127.81,83074,82039,1473642898
2016-09-12 01:40:35,20160911,,2127.81,82579,81544,1473644435
2016-09-12 02:32:14,20160911,,2127.81,81922,80887,1473647534
2016-09-12 03:27:09,20160911,,2127.81,82039,81004,1473650829
2016-09-12 04:28:46,20160912,,2159.04,81996,80961,1473654526
2016-09-12 05:26:42,20160912,,2159.04,81832,80797,1473658002
2016-09-12 06:25:48,20160912,,2159.04,81440,80405,1473661548
2016-09-12 07:27:40,20160912,,2159.04,81807,80772,1473665260
2016-09-12 08:29:42,20160912,,2159.04,80319,79284,1473668982
2016-09-12 09:52:41,20160912,,2159.04,80832,79797,1473673961
2016-09-12 10:57:08,20160912,,2159.04,79960,78925,1473677828
2016-09-12 12:11:57,20160912,,2159.04,80956,79921,1473682317
2016-09-12 13:26:41,20160912,,2159.04,81212,80177,1473686801
2016-09-12 14:38:40,20160912,,2159.04,84707,83672,1473691120
2016-09-12 15:55:23,20160912,,2159.04,85281,84246,1473695723
2016-09-12 17:12:48,20160912,,2159.04,85036,84001,1473700368
2016-09-12 18:55:38,20160912,,2159.04,87157,86122,1473706538
2016-09-12 20:52:33,20160912,,2159.04,86668,85633,1473713553
2016-09-12 22:37:38,20160912,,2159.04,86976,85941,1473719858
2016-09-13 01:59:15,20160912,,2159.04,87014,85979,1473731955
2016-09-13 04:36:31,20160913,,2127.02,86743,85491,1473741391
2016-09-13 04:41:39,20160913,,2127.02,86746,85494,1473741699
2016-09-13 06:37:40,20160913,,2127.02,86834,85582,1473748660
2016-09-13 07:31:21,20160913,,2127.02,87014,85762,1473751881
2016-09-13 08:20:43,20160913,,2127.02,87787,86535,1473754843
2016-09-13 08:20:48,20160913,,2127.02,87792,86540,1473754848
2016-09-13 10:21:26,20160913,,2127.02,87779,86527,1473762086
2016-09-13 12:16:45,20160913,,2127.02,87793,86541,1473769005
2016-09-13 14:15:26,20160913,,2127.02,88331,87079,1473776126
2016-09-13 15:34:41,20160913,,2127.02,87961,86709,1473780881
2016-09-13 17:15:04,20160913,,2127.02,86209,84957,1473786904
2016-09-13 17:15:17,20160913,,2127.02,86174,84922,1473786917
2016-09-13 18:56:42,20160913,,2127.02,87025,85773,1473793002
2016-09-13 20:39:23,20160913,,2127.02,86420,85168,1473799163
2016-09-13 22:27:33,20160913,,2127.02,86417,85165,1473805653
2016-09-14 00:11:18,20160913,,2127.02,86616,85364,1473811878
2016-09-14 01:52:20,20160913,,2127.02,86718,85466,1473817940
2016-09-14 02:13:13,20160913,,2127.02,86358,85106,1473819193
2016-09-14 02:24:45,20160913,,2127.02,86307,85055,1473819885
2016-09-14 02:25:17,20160913,,2127.02,86326,85074,1473819917
2016-09-14 03:58:58,20160913,,2127.02,86172,84920,1473825538
2016-09-14 05:39:57,20160914,,2125.77,85877,84618,1473831597
2016-09-14 07:23:33,20160914,,2125.77,86432,85173,1473837813
2016-09-14 07:30:26,20160914,,2125.77,86360,85101,1473838226
2016-09-14 09:11:28,20160914,,2125.77,86410,85151,1473844288
2016-09-14 11:05:59,20160914,,2125.77,86336,85077,1473851159
2016-09-14 12:49:13,20160914,,2125.77,86324,85065,1473857353
2016-09-14 14:14:48,20160914,,2125.77,86153,84894,1473862488
2016-09-14 15:51:38,20160914,,2125.77,86510,85251,1473868298
2016-09-14 17:23:34,20160914,,2125.77,86345,85086,1473873814
2016-09-14 17:23:47,20160914,,2125.77,86345,85086,1473873827
2016-09-14 17:23:54,20160914,,2125.77,86269,85010,1473873834
2016-09-14 17:24:03,20160914,,2125.77,86299,85040,1473873843
2016-09-14 17:24:23,20160914,,2125.77,86260,85001,1473873863
2016-09-14 17:24:33,20160914,,2125.77,86273,85014,1473873873
2016-09-14 18:43:29,20160914,,2125.77,86031,84772,1473878609
2016-09-14 20:20:23,20160914,,2125.77,86179,84920,1473884423
2016-09-14 22:01:37,20160914,,2125.77,86263,85004,1473890497
2016-09-14 23:30:53,20160914,,2125.77,86111,84852,1473895853
2016-09-15 00:59:28,20160914,,2125.77,86131,84872,1473901168
2016-09-15 02:21:25,20160914,,2125.77,85999,84740,1473906085
2016-09-15 03:40:20,20160914,,2125.77,86101,84842,1473910820
2016-09-15 04:37:37,20160915,,2147.26,86374,84906,1473914257
2016-09-15 04:42:31,20160915,,2147.26,86456,84988,1473914551
2016-09-15 06:07:15,20160915,,2147.26,86565,85097,1473919635
2016-09-15 07:30:46,20160915,,2147.26,86844,85376,1473924646
2016-09-15 07:30:52,20160915,,2147.26,86818,85350,1473924652
2016-09-15 07:36:43,20160915,,2147.26,86940,85472,1473925003
2016-09-15 09:07:15,20160915,,2147.26,86860,85392,1473930435
2016-09-15 11:04:22,20160915,,2147.26,87654,86186,1473937462
2016-09-15 12:36:53,20160915,,2147.26,89202,87734,1473943013
2016-09-15 13:50:56,20160915,,2147.26,86238,84770,1473947456
2016-09-15 15:21:36,20160915,,2147.26,87565,86097,1473952896
2016-09-15 16:48:00,20160915,,2147.26,87387,85919,1473958080
2016-09-15 18:22:32,20160915,,2147.26,88099,86631,1473963752
2016-09-15 20:07:58,20160915,,2147.26,87158,85690,1473970078
2016-09-15 21:37:29,20160915,,2147.26,87167,85699,1473975449
2016-09-15 22:56:50,20160915,,2147.26,87127,85659,1473980210
2016-09-16 00:33:33,20160915,,2147.26,87006,85538,1473986013
2016-09-16 01:59:03,20160915,,2147.26,86465,84997,1473991143
2016-09-16 03:25:29,20160915,,2147.26,86755,85287,1473996329
2016-09-16 03:39:10,20160915,,2147.26,86548,85080,1473997150
2016-09-16 03:48:21,20160915,,2147.26,86565,85097,1473997701
2016-09-16 05:15:57,20160916,,2139.16,86493,84927,1474002957
2016-09-16 05:53:46,20160916,,2139.16,86359,84793,1474005226
2016-09-16 07:24:32,20160916,,2139.16,86559,84993,1474010672
2016-09-16 08:15:26,20160916,,2139.16,86832,85266,1474013726
2016-09-16 09:51:39,20160916,,2139.16,86736,85170,1474019499
2016-09-16 11:21:54,20160916,,2139.16,87385,85819,1474024914
2016-09-16 13:11:51,20160916,,2139.16,88439,86873,1474031511
2016-09-16 13:17:43,20160916,,2139.16,88232,86666,1474031863
2016-09-16 14:23:41,20160916,,2139.16,89079,87513,1474035821
2016-09-16 15:52:59,20160916,,2139.16,88622,87056,1474041179
2016-09-16 17:11:42,20160916,,2139.16,88571,87005,1474045902
2016-09-16 18:43:13,20160916,,2139.16,87903,86337,1474051393
2016-09-16 20:18:07,20160916,,2139.16,87537,85971,1474057087
2016-09-16 21:55:46,20160916,,2139.16,87762,86196,1474062946
2016-09-17 02:28:55,20160916,,2139.16,87762,86196,1474079335
2016-09-17 12:00:01,20160917,,2139.16,87762,86196,1474113601
2016-09-18 11:59:20,20160918,,2139.16,87762,86112,1474199960
2016-09-18 22:02:17,20160918,,2139.16,87367,85717,1474236137
2016-09-18 22:17:03,20160918,,2139.16,87382,85732,1474237023
2016-09-18 22:30:44,20160918,,2139.16,87331,85681,1474237844
2016-09-18 22:45:34,20160918,,2139.16,87274,85624,1474238734
2016-09-18 23:00:54,20160918,,2139.16,87105,85455,1474239654
2016-09-18 23:15:33,20160918,,2139.16,87068,85418,1474240533
2016-09-18 23:16:19,20160918,,2139.16,86947,85297,1474240579
2016-09-18 23:16:25,20160918,,2139.16,86922,85272,1474240585
2016-09-18 23:30:25,20160918,,2139.16,86166,84516,1474241425
2016-09-18 23:45:19,20160918,,2139.16,85987,84337,1474242319
2016-09-19 00:00:46,20160918,,2139.16,86271,84621,1474243246
2016-09-19 00:01:14,20160918,,2139.16,86323,84673,1474243274
2016-09-19 00:15:57,20160918,,2139.16,86375,84725,1474244157
2016-09-19 00:31:04,20160918,,2139.16,86707,85057,1474245064
2016-09-19 00:45:45,20160918,,2139.16,86732,85082,1474245945
2016-09-19 01:01:20,20160918,,2139.16,86988,85338,1474246880
2016-09-19 01:15:59,20160918,,2139.16,86463,84813,1474247759
2016-09-19 01:31:36,20160918,,2139.16,86537,84887,1474248696
2016-09-19 01:46:46,20160918,,2139.16,86553,84903,1474249606
2016-09-19 02:02:09,20160918,,2139.16,86544,84894,1474250529
2016-09-19 02:16:37,20160918,,2139.16,86639,84989,1474251397
2016-09-19 02:32:00,20160918,,2139.16,86618,84968,1474252320
2016-09-19 02:47:34,20160918,,2139.16,86588,84938,1474253254
2016-09-19 03:05:31,20160918,,2139.16,86635,84985,1474254331
2016-09-19 03:20:58,20160918,,2139.16,86549,84899,1474255258
2016-09-19 03:35:57,20160918,,2139.16,86700,85050,1474256157
2016-09-19 03:50:33,20160918,,2139.16,86664,85014,1474257033
2016-09-19 04:06:25,20160919,,2139.12,86665,84890,1474257985
2016-09-19 04:25:26,20160919,,2139.12,86662,84887,1474259126
2016-09-19 04:40:57,20160919,,2139.12,86661,84886,1474260057
2016-09-19 04:58:18,20160919,,2139.12,86713,84938,1474261098
2016-09-19 05:17:12,20160919,,2139.12,86673,84898,1474262232
2016-09-19 05:33:56,20160919,,2139.12,86756,84981,1474263236
2016-09-19 05:48:29,20160919,,2139.12,86691,84916,1474264109
2016-09-19 06:07:33,20160919,,2139.12,86417,84642,1474265253
2016-09-19 06:26:36,20160919,,2139.12,86684,84909,1474266396
2016-09-19 06:48:01,20160919,,2139.12,86505,84730,1474267681
2016-09-19 07:12:37,20160919,,2139.12,86128,84353,1474269157
2016-09-19 07:30:27,20160919,,2139.12,86188,84413,1474270227
2016-09-19 07:35:43,20160919,,2139.12,86137,84362,1474270543
2016-09-19 08:20:33,20160919,,2139.12,85762,83987,1474273233
2016-09-19 08:20:39,20160919,,2139.12,85737,83962,1474273239
2016-09-19 08:23:11,20160919,,2139.12,85907,84132,1474273391
2016-09-19 09:32:58,20160919,,2139.12,86754,84979,1474277578
2016-09-19 10:29:42,20160919,,2139.12,86705,84930,1474280982
2016-09-19 11:26:41,20160919,,2139.12,87285,85510,1474284401
2016-09-19 12:26:12,20160919,,2139.12,87026,85251,1474287972
2016-09-19 13:34:01,20160919,,2139.12,87022,85247,1474292041
2016-09-19 14:22:25,20160919,,2139.12,86486,84711,1474294945
2016-09-19 15:50:00,20160919,,2139.12,86705,84930,1474300200
2016-09-19 16:52:45,20160919,,2139.12,87720,85945,1474303965
2016-09-19 18:33:14,20160919,,2139.12,87409,85634,1474309994
2016-09-19 20:17:18,20160919,,2139.12,87302,85527,1474316238
2016-09-19 21:57:39,20160919,,2139.12,87419,85644,1474322259
2016-09-19 23:24:21,20160919,,2139.12,87268,85493,1474327461
2016-09-20 01:07:58,20160919,,2139.12,87318,85543,1474333678
2016-09-20 01:51:24,20160919,,2139.12,87454,85679,1474336284
2016-09-20 02:05:36,20160919,,2139.12,86872,85097,1474337136
2016-09-20 03:48:47,20160919,,2139.12,87520,85745,1474343327
2016-09-20 05:33:30,20160920,,2139.76,87757,85744,1474349610
2016-09-20 07:18:06,20160920,,2139.76,87435,85422,1474355886
2016-09-20 07:28:02,20160920,,2139.76,87251,85238,1474356482
2016-09-20 07:28:23,20160920,,2139.76,87422,85409,1474356503
2016-09-20 07:28:29,20160920,,2139.76,87427,85414,1474356509
2016-09-20 07:32:54,20160920,,2139.76,87452,85439,1474356774
2016-09-20 07:33:00,20160920,,2139.76,87440,85427,1474356780
2016-09-20 09:15:25,20160920,,2139.76,87290,85277,1474362925
2016-09-20 09:15:46,20160920,,2139.76,87373,85360,1474362946
2016-09-20 10:56:24,20160920,,2139.76,86740,84727,1474368984
2016-09-20 12:43:11,20160920,,2139.76,86453,84440,1474375391
2016-09-20 14:05:15,20160920,,2139.76,85577,83564,1474380315
2016-09-20 15:19:38,20160920,,2139.76,85610,83597,1474384778
2016-09-20 16:52:34,20160920,,2139.76,84197,82184,1474390354
2016-09-20 18:37:40,20160920,,2139.76,84010,81997,1474396660
2016-09-20 20:18:48,20160920,,2139.76,83925,81912,1474402728
2016-09-20 21:36:37,20160920,,2139.76,84413,82400,1474407397
2016-09-20 23:12:40,20160920,,2139.76,84444,82431,1474413160
2016-09-21 00:50:32,20160920,,2139.76,84502,82489,1474419032
2016-09-21 01:56:45,20160920,,2139.76,84515,82502,1474423005
2016-09-21 03:40:27,20160920,,2139.76,84467,82454,1474429227
2016-09-21 05:03:34,20160921,,2163.12,85389,83293,1474434214
2016-09-21 06:41:30,20160921,,2163.12,84455,82359,1474440090
2016-09-21 08:18:36,20160921,,2163.12,84680,82584,1474445916
2016-09-21 08:21:26,20160921,,2163.12,84639,82543,1474446086
2016-09-21 09:46:58,20160921,,2163.12,84327,82231,1474451218
2016-09-21 11:35:56,20160921,,2163.12,84593,82497,1474457756
2016-09-21 13:14:04,20160921,,2163.12,83145,81049,1474463644
2016-09-21 13:15:26,20160921,,2163.12,83097,81001,1474463726
2016-09-21 14:24:51,20160921,,2163.12,84245,82149,1474467891
2016-09-21 15:47:01,20160921,,2163.12,84043,81947,1474472821
2016-09-21 17:03:30,20160921,,2163.12,83715,81619,1474477410
2016-09-21 18:21:40,20160921,,2163.12,84311,82215,1474482100
2016-09-21 19:41:28,20160921,,2163.12,85475,83379,1474486888
2016-09-21 21:23:14,20160921,,2163.12,85455,83359,1474492994
2016-09-21 23:05:16,20160921,,2163.12,85401,83305,1474499116
2016-09-22 00:47:49,20160921,,2163.12,84928,82832,1474505269
2016-09-22 02:29:31,20160921,,2163.12,84551,82455,1474511371
2016-09-22 03:34:48,20160921,,2163.12,84809,82713,1474515288
2016-09-22 03:34:54,20160921,,2163.12,84814,82718,1474515294
2016-09-22 05:09:16,20160922,,2177.18,84774,82608,1474520956
2016-09-22 06:36:46,20160922,,2177.18,84701,82535,1474526206
2016-09-22 08:02:16,20160922,,2177.18,84149,81983,1474531336
2016-09-22 08:15:34,20160922,,2177.18,83739,81573,1474532134
2016-09-22 08:15:40,20160922,,2177.18,83719,81553,1474532140
2016-09-22 08:20:45,20160922,,2177.18,83920,81754,1474532445
2016-09-22 08:20:52,20160922,,2177.18,83915,81749,1474532452
2016-09-22 10:01:39,20160922,,2177.18,84864,82698,1474538499
2016-09-22 11:45:43,20160922,,2177.18,85223,83057,1474544743
2016-09-22 13:47:42,20160922,,2177.18,84176,82010,1474552062
2016-09-22 15:13:56,20160922,,2177.18,84515,82349,1474557236
2016-09-22 17:05:54,20160922,,2177.18,84720,82554,1474563954
2016-09-22 18:42:57,20160922,,2177.18,85484,83318,1474569777
2016-09-22 20:16:48,20160922,,2177.18,85234,83068,1474575408
2016-09-22 21:48:32,20160922,,2177.18,85200,83034,1474580912
2016-09-22 23:26:54,20160922,,2177.18,85154,82988,1474586814
2016-09-23 00:56:28,20160922,,2177.18,85244,83078,1474592188
2016-09-23 02:14:31,20160922,,2177.18,85029,82863,1474596871
2016-09-23 02:18:14,20160922,,2177.18,85007,82841,1474597094
2016-09-23 03:46:15,20160922,,2177.18,85147,82981,1474602375
2016-09-23 05:29:23,20160923,,2164.69,85102,82908,1474608563
2016-09-23 06:59:25,20160923,,2164.69,85285,83091,1474613965
2016-09-23 07:30:25,20160923,,2164.69,85286,83092,1474615825
2016-09-23 07:30:27,20160923,,2164.69,85298,83104,1474615827
2016-09-23 08:21:29,20160923,,2164.69,84015,81821,1474618889
2016-09-23 08:22:18,20160923,,2164.69,84088,81894,1474618938
2016-09-23 10:15:57,20160923,,2164.69,85028,82834,1474625757
2016-09-23 11:31:43,20160923,,2164.69,84769,82575,1474630303
2016-09-23 13:08:18,20160923,,2164.69,86165,83971,1474636098
2016-09-23 14:39:39,20160923,,2164.69,86944,84750,1474641579
2016-09-23 15:50:06,20160923,,2164.69,85745,83551,1474645806
2016-09-23 17:27:58,20160923,,2164.69,85116,82922,1474651678
2016-09-23 19:14:24,20160923,,2164.69,85687,83493,1474658064
2016-09-23 20:34:22,20160923,,2164.69,85396,83202,1474662862
2016-09-23 21:58:20,20160923,,2164.69,85482,83288,1474667900
2016-09-24 02:18:54,20160923,,2164.69,85482,83288,1474683534
2016-09-24 03:46:49,20160923,[-100],2164.69,85482,83188,1474688809
2016-09-24 12:27:11,20160924,,2164.69,85482,83188,1474720031
2016-09-25 08:47:59,20160925,,2164.69,85482,83104,1474793279
2016-09-25 21:10:46,20160925,,2164.69,85482,83104,1474837846
2016-09-25 22:00:54,20160925,,2164.69,85899,83521,1474840854
2016-09-25 22:15:24,20160925,,2164.69,86118,83740,1474841724
2016-09-25 22:30:40,20160925,,2164.69,86061,83683,1474842640
2016-09-25 22:46:19,20160925,,2164.69,86156,83778,1474843579
2016-09-25 23:04:35,20160925,,2164.69,86192,83814,1474844675
2016-09-25 23:42:24,20160925,,2164.69,86176,83798,1474846944
2016-09-25 23:58:41,20160925,,2164.69,86120,83742,1474847921
2016-09-26 00:00:42,20160925,,2164.69,85930,83552,1474848042
2016-09-26 00:01:00,20160925,,2164.69,85940,83562,1474848060
2016-09-26 00:11:21,20160925,,2164.69,85907,83529,1474848681
2016-09-26 00:34:33,20160925,,2164.69,86093,83715,1474850073
2016-09-26 00:53:07,20160925,,2164.69,86045,83667,1474851187
2016-09-26 01:00:52,20160925,,2164.69,85990,83612,1474851652
2016-09-26 01:11:52,20160925,,2164.69,85732,83354,1474852312
2016-09-26 01:33:58,20160925,,2164.69,85916,83538,1474853638
2016-09-26 01:51:07,20160925,,2164.69,85814,83436,1474854667
2016-09-26 02:10:15,20160925,,2164.69,85898,83520,1474855815
2016-09-26 02:35:24,20160925,,2164.69,85567,83189,1474857324
2016-09-26 03:08:07,20160925,,2164.69,85540,83162,1474859287
2016-09-26 03:34:59,20160925,,2164.69,85460,83082,1474860899
2016-09-26 03:58:24,20160925,,2164.69,85582,83204,1474862304
2016-09-26 04:29:36,20160926,,2146.10,85498,83064,1474864176
2016-09-26 04:56:26,20160926,,2146.10,85548,83114,1474865786
2016-09-26 05:21:55,20160926,,2146.10,85538,83104,1474867315
2016-09-26 05:50:20,20160926,,2146.10,85827,83393,1474869020
2016-09-26 06:18:25,20160926,,2146.10,85876,83442,1474870705
2016-09-26 06:42:02,20160926,,2146.10,85829,83395,1474872122
2016-09-26 07:09:44,20160926,,2146.10,85843,83409,1474873784
2016-09-26 07:30:39,20160926,,2146.10,85221,82787,1474875039
2016-09-26 07:30:45,20160926,,2146.10,85234,82800,1474875045
2016-09-26 08:03:56,20160926,,2146.10,85537,83103,1474877036
2016-09-26 08:20:55,20160926,,2146.10,85327,82893,1474878055
2016-09-26 08:21:00,20160926,,2146.10,85320,82886,1474878060
2016-09-26 09:33:24,20160926,,2146.10,84524,82090,1474882404
2016-09-26 10:38:36,20160926,,2146.10,85364,82930,1474886316
2016-09-26 12:17:45,20160926,,2146.10,85194,82760,1474892265
2016-09-26 13:27:42,20160926,,2146.10,85366,82932,1474896462
2016-09-26 14:35:54,20160926,,2146.10,85308,82874,1474900554
2016-09-26 15:56:33,20160926,,2146.10,85657,83223,1474905393
2016-09-26 17:19:51,20160926,,2146.10,86491,84057,1474910391
2016-09-26 18:42:37,20160926,,2146.10,85340,82906,1474915357
2016-09-26 20:22:52,20160926,,2146.10,85113,82679,1474921372
2016-09-26 22:01:37,20160926,,2146.10,85286,82852,1474927297
2016-09-26 23:33:09,20160926,,2146.10,84936,82502,1474932789
2016-09-27 01:12:02,20160926,,2146.10,85277,82843,1474938722
2016-09-27 01:47:24,20160926,,2146.10,85021,82587,1474940844
2016-09-27 01:47:29,20160926,,2146.10,85011,82577,1474940849
2016-09-27 03:19:04,20160926,,2146.10,85590,83156,1474946344
2016-09-27 04:51:37,20160927,,2159.93,85726,83209,1474951897
2016-09-27 06:24:44,20160927,,2159.93,85903,83386,1474957484
2016-09-27 07:49:49,20160927,,2159.93,85722,83205,1474962589
2016-09-27 08:15:24,20160927,,2159.93,85513,82996,1474964124
2016-09-27 08:15:30,20160927,,2159.93,85491,82974,1474964130
2016-09-27 09:47:44,20160927,,2159.93,85003,82486,1474969664
2016-09-27 11:05:47,20160927,,2159.93,84969,82452,1474974347
2016-09-27 12:42:45,20160927,,2159.93,86195,83678,1474980165
2016-09-27 13:58:30,20160927,,2159.93,87067,84550,1474984710
2016-09-27 15:36:12,20160927,,2159.93,86970,84453,1474990572
2016-09-27 16:57:50,20160927,,2159.93,86366,83849,1474995470
2016-09-27 18:56:54,20160927,,2159.93,86464,83947,1475002614
2016-09-27 20:45:52,20160927,,2159.93,86207,83690,1475009152
2016-09-27 22:23:25,20160927,,2159.93,86225,83708,1475015005
2016-09-28 00:09:17,20160927,,2159.93,86273,83756,1475021357
2016-09-28 01:52:03,20160927,,2159.93,86403,83886,1475027523
2016-09-28 01:57:43,20160927,,2159.93,86405,83888,1475027863
2016-09-28 03:40:25,20160927,,2159.93,86410,83893,1475034025
2016-09-28 05:24:30,20160928,,2171.37,86255,83710,1475040270
2016-09-28 06:53:23,20160928,,2171.37,86211,83666,1475045603
2016-09-28 08:15:22,20160928,,2171.37,85922,83377,1475050522
2016-09-28 08:20:53,20160928,,2171.37,85936,83391,1475050853
2016-09-28 10:17:56,20160928,,2171.37,85857,83312,1475057876
2016-09-28 12:01:29,20160928,,2171.37,85401,82856,1475064089
2016-09-28 13:17:58,20160928,,2171.37,85118,82573,1475068678
2016-09-28 14:49:23,20160928,,2171.37,84581,82036,1475074163
2016-09-28 16:08:40,20160928,,2171.37,85667,83122,1475078920
2016-09-28 17:52:17,20160928,,2171.37,86062,83517,1475085137
2016-09-28 19:26:39,20160928,,2171.37,86981,84436,1475090799
2016-09-28 20:54:51,20160928,,2171.37,87390,84845,1475096091
2016-09-28 22:31:54,20160928,,2171.37,87702,85157,1475101914
2016-09-29 00:01:22,20160928,,2171.37,87764,85219,1475107282
2016-09-29 01:17:53,20160928,,2171.37,87571,85026,1475111873
2016-09-29 02:24:32,20160928,,2171.37,87443,84898,1475115872
2016-09-29 04:01:53,20160929,,2151.13,87447,84748,1475121713
2016-09-29 04:26:29,20160929,,2151.13,87138,84439,1475123189
2016-09-29 05:44:59,20160929,,2151.13,87201,84502,1475127899
2016-09-29 06:58:56,20160929,,2151.13,86212,83513,1475132336
2016-09-29 08:12:07,20160929,,2151.13,86100,83401,1475136727
2016-09-29 08:21:02,20160929,,2151.13,86636,83937,1475137262
2016-09-29 08:21:17,20160929,,2151.13,86594,83895,1475137277
2016-09-29 10:13:37,20160929,,2151.13,86149,83450,1475144017
2016-09-29 11:53:43,20160929,,2151.13,86480,83781,1475150023
2016-09-29 13:41:33,20160929,,2151.13,84495,81796,1475156493
2016-09-29 15:06:48,20160929,,2151.13,85169,82470,1475161608
2016-09-29 16:51:55,20160929,,2151.13,85967,83268,1475167915
2016-09-29 18:11:19,20160929,,2151.13,84436,81737,1475172679
2016-09-29 19:50:33,20160929,,2151.13,84316,81617,1475178633
2016-09-29 21:34:26,20160929,,2151.13,84662,81963,1475184866
2016-09-29 23:12:26,20160929,,2151.13,84705,82006,1475190746
2016-09-30 00:44:46,20160929,,2151.13,84749,82050,1475196286
2016-09-30 01:41:13,20160929,,2151.13,84473,81774,1475199673
2016-09-30 01:41:19,20160929,,2151.13,84457,81758,1475199679
2016-09-30 02:51:30,20160929,,2151.13,84653,81954,1475203890
2016-09-30 04:21:34,20160930,,2168.27,84780,82067,1475209294
2016-09-30 06:04:50,20160930,,2168.27,84503,81790,1475215490
2016-09-30 07:30:33,20160930,,2168.27,84510,81797,1475220633
2016-09-30 07:30:44,20160930,,2168.27,84533,81820,1475220644
2016-09-30 09:18:28,20160930,,2168.27,84464,81751,1475227108
2016-09-30 11:08:32,20160930,,2168.27,84517,81804,1475233712
2016-09-30 12:52:34,20160930,,2168.27,83384,80671,1475239954
2016-09-30 14:16:27,20160930,,2168.27,86007,83294,1475244987
2016-09-30 15:40:33,20160930,,2168.27,86522,83809,1475250033
2016-09-30 17:20:21,20160930,,2168.27,85526,82813,1475256021
2016-09-30 19:15:18,20160930,,2168.27,85975,83262,1475262918
2016-09-30 20:29:41,20160930,,2168.27,85358,82645,1475267381
2016-09-30 22:18:00,20160930,,2168.27,85423,82710,1475273880
2016-10-01 03:24:44,20160930,,2168.27,85423,82710,1475292284
2016-10-01 03:59:59,20160930,,2168.27,85423,82710,1475294399
2016-10-01 15:58:31,20161001,,2168.27,85423,82710,1475337511
2016-10-02 11:20:55,20161002,,2168.27,85423,82612,1475407255
2016-10-02 22:01:28,20161002,,2168.27,85225,82414,1475445688
2016-10-02 22:15:46,20161002,,2168.27,85327,82516,1475446546
2016-10-02 22:36:24,20161002,,2168.27,85142,82331,1475447784
2016-10-02 23:02:46,20161002,,2168.27,84998,82187,1475449366
2016-10-02 23:16:20,20161002,,2168.27,84396,81585,1475450180
2016-10-02 23:30:30,20161002,,2168.27,84773,81962,1475451030
2016-10-02 23:57:50,20161002,,2168.27,84453,81642,1475452670
2016-10-03 00:00:38,20161002,,2168.27,84680,81869,1475452838
2016-10-03 00:42:39,20161002,,2168.27,84884,82073,1475455359
2016-10-03 01:00:34,20161002,,2168.27,85108,82297,1475456434
2016-10-03 01:00:37,20161002,,2168.27,85103,82292,1475456437
2016-10-03 01:35:28,20161002,,2168.27,84639,81828,1475458528
2016-10-03 02:10:34,20161002,,2168.27,84618,81807,1475460634
2016-10-03 02:54:30,20161002,,2168.27,84474,81663,1475463270
2016-10-03 03:39:05,20161002,,2168.27,84523,81712,1475465945
2016-10-03 04:25:32,20161003,,2161.20,84372,81464,1475468732
2016-10-03 05:10:40,20161003,,2161.20,84538,81630,1475471440
2016-10-03 05:53:40,20161003,,2161.20,84373,81465,1475474020
2016-10-03 06:38:54,20161003,,2161.20,84509,81601,1475476734
2016-10-03 07:11:15,20161003,,2161.20,84524,81616,1475478675
2016-10-03 07:35:15,20161003,,2161.20,84502,81594,1475480115
2016-10-03 08:07:13,20161003,,2161.20,83750,80842,1475482033
2016-10-03 08:15:25,20161003,,2161.20,83685,80777,1475482525
2016-10-03 08:15:31,20161003,,2161.20,83696,80788,1475482531
2016-10-03 08:22:17,20161003,,2161.20,83585,80677,1475482937
2016-10-03 09:13:37,20161003,,2161.20,84217,81309,1475486017
2016-10-03 10:11:40,20161003,,2161.20,83961,81053,1475489500
2016-10-03 11:07:58,20161003,,2161.20,84554,81646,1475492878
2016-10-03 11:41:34,20161003,,2161.20,85190,82282,1475494894
2016-10-03 12:29:14,20161003,,2161.20,85618,82710,1475497754
2016-10-03 13:08:47,20161003,,2161.20,86311,83403,1475500127
2016-10-03 14:17:04,20161003,,2161.20,86622,83714,1475504224
2016-10-03 15:12:32,20161003,,2161.20,85891,82983,1475507552
2016-10-03 16:27:29,20161003,,2161.20,85506,82598,1475512049
2016-10-03 18:02:52,20161003,,2161.20,84318,81410,1475517772
2016-10-03 19:43:33,20161003,,2161.20,84328,81420,1475523813
2016-10-03 21:09:34,20161003,,2161.20,84100,81192,1475528974
2016-10-03 22:53:18,20161003,,2161.20,84059,81151,1475535198
2016-10-04 00:22:22,20161003,,2161.20,83547,80639,1475540542
2016-10-04 01:58:30,20161003,,2161.20,83809,80901,1475546310
2016-10-04 03:04:19,20161003,,2161.20,83905,80997,1475550259
2016-10-04 03:04:27,20161003,,2161.20,83890,80982,1475550267
2016-10-04 04:35:53,20161004,,2150.49,84002,81024,1475555753
2016-10-04 06:17:33,20161004,,2150.49,84266,81288,1475561853
2016-10-04 07:26:21,20161004,,2150.49,83741,80763,1475565981
2016-10-04 07:30:30,20161004,,2150.49,83783,80805,1475566230
2016-10-04 07:30:34,20161004,,2150.49,83816,80838,1475566234
2016-10-04 08:21:17,20161004,,2150.49,83563,80585,1475569277
2016-10-04 09:55:41,20161004,,2150.49,83313,80335,1475574941
2016-10-04 11:39:17,20161004,,2150.49,82886,79908,1475581157
2016-10-04 13:14:27,20161004,,2150.49,81492,78514,1475586867
2016-10-04 14:38:33,20161004,,2150.49,80064,77086,1475591913
2016-10-04 16:11:48,20161004,,2150.49,78161,75183,1475597508
2016-10-04 18:03:34,20161004,,2150.49,77625,74647,1475604214
2016-10-04 19:20:46,20161004,,2150.49,76709,73731,1475608846
2016-10-04 20:42:06,20161004,,2150.49,76339,73361,1475613726
2016-10-04 22:26:29,20161004,,2150.49,76425,73447,1475619989
2016-10-05 00:07:22,20161004,,2150.49,76319,73341,1475626042
2016-10-05 01:51:20,20161004,,2150.49,76453,73475,1475632280
2016-10-05 02:23:46,20161004,,2150.49,76614,73636,1475634226
2016-10-05 02:23:51,20161004,,2150.49,76592,73614,1475634231
2016-10-05 04:02:00,20161005,,2159.73,76703,73634,1475640120
2016-10-05 05:47:01,20161005,,2159.73,76680,73611,1475646421
2016-10-05 07:29:10,20161005,,2159.73,76331,73262,1475652550
2016-10-05 07:32:47,20161005,,2159.73,76483,73414,1475652767
2016-10-05 07:32:53,20161005,,2159.73,76493,73424,1475652773
2016-10-05 08:15:42,20161005,,2159.73,76467,73398,1475655342
2016-10-05 09:26:36,20161005,,2159.73,76692,73623,1475659596
2016-10-05 10:40:53,20161005,,2159.73,77012,73943,1475664053
2016-10-05 12:19:00,20161005,,2159.73,78619,75550,1475669940
2016-10-05 13:58:04,20161005,,2159.73,79156,76087,1475675884
2016-10-05 15:18:16,20161005,,2159.73,79200,76131,1475680696
2016-10-05 16:50:20,20161005,,2159.73,78918,75849,1475686220
2016-10-05 18:08:16,20161005,,2159.73,78573,75504,1475690896
2016-10-05 19:43:34,20161005,,2159.73,78090,75021,1475696614
2016-10-05 21:11:56,20161005,,2159.73,77957,74888,1475701916
2016-10-05 22:53:27,20161005,,2159.73,78488,75419,1475708007
2016-10-06 01:54:34,20161005,,2159.73,78048,74979,1475718874
2016-10-06 03:23:18,20161005,,2159.73,77936,74867,1475724198
2016-10-06 03:26:47,20161005,,2159.73,77926,74857,1475724407
2016-10-06 04:57:37,20161006,,2160.77,77879,74699,1475729857
2016-10-06 06:36:32,20161006,,2160.77,77690,74510,1475735792
2016-10-06 07:30:27,20161006,,2160.77,77825,74645,1475739027
2016-10-06 08:15:26,20161006,,2160.77,77823,74643,1475741726
2016-10-06 08:15:43,20161006,,2160.77,77835,74655,1475741743
2016-10-06 08:20:42,20161006,,2160.77,77874,74694,1475742042
2016-10-06 08:20:46,20161006,,2160.77,77887,74707,1475742046
2016-10-06 10:00:43,20161006,,2160.77,77605,74425,1475748043
2016-10-06 11:31:31,20161006,,2160.77,77768,74588,1475753491
2016-10-06 12:59:54,20161006,,2160.77,76872,73692,1475758794
2016-10-06 14:15:19,20161006,,2160.77,77085,73905,1475763319
2016-10-06 14:15:47,20161006,,2160.77,77038,73858,1475763347
2016-10-06 15:26:46,20161006,,2160.77,76640,73460,1475767606
2016-10-06 17:04:30,20161006,,2160.77,77214,74034,1475773470
2016-10-06 18:33:50,20161006,,2160.77,77047,73867,1475778830
2016-10-06 20:02:33,20161006,,2160.77,77359,74179,1475784153
2016-10-06 21:14:01,20161006,,2160.77,77160,73980,1475788441
2016-10-06 22:47:38,20161006,,2160.77,77466,74286,1475794058
2016-10-07 00:16:47,20161006,,2160.77,77294,74114,1475799407
2016-10-07 01:39:58,20161006,,2160.77,77452,74272,1475804398
2016-10-07 02:12:52,20161006,,2160.77,77416,74236,1475806372
2016-10-07 03:21:52,20161006,,2160.77,77109,73929,1475810512
2016-10-07 04:46:49,20161007,,2153.74,76928,73727,1475815609
2016-10-07 06:17:49,20161007,,2153.74,76722,73521,1475821069
2016-10-07 07:30:29,20161007,,2153.74,76893,73692,1475825429
2016-10-07 08:15:25,20161007,,2153.74,76737,73536,1475828125
2016-10-07 08:21:03,20161007,,2153.74,76747,73546,1475828463
2016-10-07 09:50:33,20161007,,2153.74,77259,74058,1475833833
2016-10-07 11:21:32,20161007,,2153.74,77272,74071,1475839292
2016-10-07 12:50:26,20161007,,2153.74,78194,74993,1475844626
2016-10-07 13:59:42,20161007,,2153.74,79024,75823,1475848782
2016-10-07 15:11:59,20161007,,2153.74,77816,74615,1475853119
2016-10-07 16:55:44,20161007,,2153.74,78224,75023,1475859344
2016-10-07 18:40:25,20161007,,2153.74,77559,74358,1475865625
2016-10-07 20:07:41,20161007,,2153.74,78695,75494,1475870861
2016-10-07 21:36:22,20161007,,2153.74,79293,76092,1475876182
2016-10-08 03:33:32,20161007,,2153.74,79293,76092,1475897612
2016-10-08 13:51:56,20161008,,2153.74,79293,76092,1475934716
2016-10-08 13:57:55,20161008,,2153.74,79293,76092,1475935075
2016-10-08 21:56:43,20161008,,2153.74,79293,76092,1475963803
2016-10-08 21:56:58,20161008,,2153.74,79293,76092,1475963818
2016-10-09 09:19:00,20161009,,2153.74,79293,76015,1476004740
2016-10-09 09:19:00,20161009,,2153.74,79293,76015,1476004740
2016-10-09 09:24:12,20161009,,2153.74,79293,76015,1476005052
2016-10-09 14:45:34,20161009,,2153.74,79293,76015,1476024334
2016-10-09 14:51:56,20161009,,2153.74,79293,76015,1476024716
2016-10-09 19:47:27,20161009,,2153.74,79293,76015,1476042447
2016-10-09 19:54:18,20161009,,2153.74,79293,76015,1476042858
2016-10-09 22:01:43,20161009,,2153.74,78734,75456,1476050503
2016-10-09 22:17:42,20161009,,2153.74,78803,75525,1476051462
2016-10-09 22:38:00,20161009,,2153.74,78745,75467,1476052680
2016-10-09 22:50:34,20161009,,2153.74,78883,75605,1476053434
2016-10-09 23:09:27,20161009,,2153.74,78896,75618,1476054567
2016-10-09 23:16:19,20161009,,2153.74,78813,75535,1476054979
2016-10-09 23:16:23,20161009,,2153.74,78800,75522,1476054983
2016-10-09 23:30:03,20161009,,2153.74,78963,75685,1476055803
2016-10-09 23:30:27,20161009,,2153.74,78779,75501,1476055827
2016-10-09 23:30:29,20161009,,2153.74,78779,75501,1476055829
2016-10-09 23:46:54,20161009,,2153.74,78700,75422,1476056814
2016-10-10 00:00:59,20161009,,2153.74,78611,75333,1476057659
2016-10-10 00:00:59,20161009,,2153.74,78611,75333,1476057659
2016-10-10 00:19:18,20161009,,2153.74,78393,75115,1476058758
2016-10-10 00:46:53,20161009,,2153.74,78642,75364,1476060413
2016-10-10 01:10:30,20161009,,2153.74,78857,75579,1476061830
2016-10-10 01:34:50,20161009,,2153.74,78041,74763,1476063290
2016-10-10 02:05:04,20161009,,2153.74,77897,74619,1476065104
2016-10-10 02:32:54,20161009,,2153.74,77985,74707,1476066774
2016-10-10 02:55:14,20161009,,2153.74,78088,74810,1476068114
2016-10-10 03:23:18,20161009,,2153.74,77910,74632,1476069798
2016-10-10 03:49:40,20161009,,2153.74,78102,74824,1476071380
2016-10-10 04:20:26,20161010,,2163.66,77960,74570,1476073226
2016-10-10 04:47:52,20161010,,2163.66,78295,74905,1476074872
2016-10-10 05:20:42,20161010,,2163.66,78174,74784,1476076842
2016-10-10 05:47:35,20161010,,2163.66,77956,74566,1476078455
2016-10-10 06:19:27,20161010,,2163.66,78201,74811,1476080367
2016-10-10 06:47:54,20161010,,2163.66,78307,74917,1476082074
2016-10-10 07:30:27,20161010,,2163.66,77868,74478,1476084627
2016-10-10 07:30:31,20161010,,2163.66,77868,74478,1476084631
2016-10-10 07:34:02,20161010,,2163.66,77814,74424,1476084842
2016-10-10 08:15:22,20161010,,2163.66,77880,74490,1476087322
2016-10-10 08:20:43,20161010,,2163.66,77930,74540,1476087643
2016-10-10 09:15:45,20161010,,2163.66,78912,75522,1476090945
2016-10-10 10:07:22,20161010,,2163.66,78986,75596,1476094042
2016-10-10 11:03:20,20161010,,2163.66,78137,74747,1476097400
2016-10-10 12:04:51,20161010,,2163.66,77938,74548,1476101091
2016-10-10 13:09:25,20161010,,2163.66,77018,73628,1476104965
2016-10-10 14:03:47,20161010,,2163.66,76801,73411,1476108227
2016-10-10 15:13:22,20161010,,2163.66,77214,73824,1476112402
2016-10-10 16:48:06,20161010,,2163.66,77633,74243,1476118086
2016-10-10 18:33:36,20161010,,2163.66,77247,73857,1476124416
2016-10-10 19:52:35,20161010,,2163.66,77128,73738,1476129155
2016-10-10 21:34:01,20161010,,2163.66,77342,73952,1476135241
2016-10-10 23:10:53,20161010,,2163.66,77406,74016,1476141053
2016-10-11 00:55:16,20161010,,2163.66,77114,73724,1476147316
2016-10-11 01:51:59,20161010,,2163.66,76743,73353,1476150719
2016-10-11 01:52:20,20161010,,2163.66,76785,73395,1476150740
2016-10-11 03:40:55,20161010,,2163.66,77061,73671,1476157255
2016-10-11 05:24:41,20161011,,2136.73,77013,73511,1476163481
2016-10-11 07:21:35,20161011,,2136.73,77101,73599,1476170495
2016-10-11 07:30:35,20161011,,2136.73,76826,73324,1476171035
2016-10-11 07:30:39,20161011,,2136.73,76848,73346,1476171039
2016-10-11 08:15:23,20161011,,2136.73,77086,73584,1476173723
2016-10-11 08:15:34,20161011,,2136.73,77024,73522,1476173734
2016-10-11 09:48:02,20161011,,2136.73,77203,73701,1476179282
2016-10-11 11:32:46,20161011,,2136.73,78025,74523,1476185566
2016-10-11 13:13:33,20161011,,2136.73,77849,74347,1476191613
2016-10-11 14:26:31,20161011,,2136.73,77358,73856,1476195991
2016-10-11 15:58:00,20161011,,2136.73,77625,74123,1476201480
2016-10-11 17:25:06,20161011,,2136.73,78229,74727,1476206706
2016-10-11 19:11:36,20161011,,2136.73,78210,74708,1476213096
2016-10-11 20:44:12,20161011,,2136.73,78425,74923,1476218652
2016-10-11 22:25:46,20161011,,2136.73,78546,75044,1476224746
2016-10-11 23:52:41,20161011,,2136.73,78610,75108,1476229961
2016-10-12 01:38:15,20161011,,2136.73,78760,75258,1476236295
2016-10-12 03:22:27,20161011,,2136.73,78605,75103,1476242547
2016-10-12 03:23:45,20161011,,2136.73,78605,75103,1476242625
2016-10-12 03:23:51,20161011,,2136.73,78605,75103,1476242631
2016-10-12 03:23:56,20161011,,2136.73,78605,75103,1476242636
2016-10-12 05:06:31,20161012,,2139.18,78603,75101,1476248791
2016-10-12 06:46:59,20161012,,2139.18,78603,75101,1476254819
2016-10-12 07:30:36,20161012,,2139.18,78670,75168,1476257436
2016-10-12 08:15:40,20161012,,2139.18,78447,74945,1476260140
2016-10-12 08:20:21,20161012,,2139.18,78447,74945,1476260421
2016-10-12 09:54:57,20161012,,2139.18,78445,74943,1476266097
2016-10-12 11:43:54,20161012,,2139.18,78444,74942,1476272634
2016-10-12 13:25:34,20161012,,2139.18,78442,74940,1476278734
2016-10-12 14:50:00,20161012,,2139.18,78441,74939,1476283800
2016-10-12 16:29:17,20161012,,2139.18,78434,74932,1476289757
2016-10-12 17:47:43,20161012,,2139.18,78436,74934,1476294463
2016-10-12 19:10:51,20161012,,2139.18,78436,74934,1476299451
2016-10-12 20:46:37,20161012,,2139.18,78437,74935,1476305197
2016-10-12 22:20:41,20161012,,2139.18,78436,74934,1476310841
2016-10-12 23:58:24,20161012,,2139.18,78436,74934,1476316704
2016-10-13 01:27:58,20161012,,2139.18,78434,74932,1476322078
2016-10-13 03:25:34,20161012,,2139.18,78443,74941,1476329134
